Autodetected device type: cuda
2026-09-15 22:30:55,122 - nanochat.common - [32m[1mINFO[0m - Distributed world size: 1
COMPUTE_DTYPE: torch.bfloat16 (auto-detected: CUDA SM 86 (bf16 supported))
GPU: NVIDIA GeForce RTX 3090 | Peak FLOPS (BF16): 7.10e+13
2026-09-15 22:30:55,123 - nanochat.checkpoint_manager - [32m[1mINFO[0m - Loading model from /local/s4414268/nanochat/results/task2_models/vocab_32768/base_checkpoints/d2_bpb with step 420
2026-09-15 22:30:55,296 - nanochat.checkpoint_manager - [32m[1mINFO[0m - Building model with config: {'sequence_len': 2048, 'vocab_size': 32768, 'n_layer': 2, 'n_head': 1, 'n_kv_head': 1, 'n_embd': 128, 'window_pattern': 'SSSL'}
Inherited max_seq_len=2048 from pretrained checkpoint
Using device_batch_size=8
Inherited total_batch_size=131072 from pretrained checkpoint
Inherited embedding_lr=0.3 from pretrained checkpoint
Inherited unembedding_lr=0.008 from pretrained checkpoint
Inherited matrix_lr=0.02 from pretrained checkpoint
Tokens / micro-batch / rank: 8 x 2048 = 16,384
Tokens / micro-batch: 16,384
Total batch size 131,072 => gradient accumulation steps: 8
Scaling the LR for the AdamW parameters ∝1/√(128/768) = 2.449490
2026-09-15 22:30:56,556 - nanochat.checkpoint_manager - [32m[1mINFO[0m - Loading optimizer state from /local/s4414268/nanochat/results/task2_models/vocab_32768/base_checkpoints/d2_bpb/optim_000420_rank0.pt
Loaded optimizer state from pretrained checkpoint (momentum buffers only, LRs reset)
Training mixture: 329,418 rows (MMLU x3, GSM8K x4)
Validation mixture: 15,361 rows (MMLU + GSM8K)
Step 00000 | Validation bpb: 2.3915
step 00001 (0.11%) | loss: 4.011633 | lrm: 1.00 | dt: 10387.23ms | tok/sec: 12,618 | mfu: 0.56 | epoch: 1 | total time: 0.00m
step 00002 (0.21%) | loss: 6.572839 | lrm: 1.00 | dt: 160.85ms | tok/sec: 814,881 | mfu: 36.10 | epoch: 1 | total time: 0.00m
step 00003 (0.32%) | loss: 6.840937 | lrm: 1.00 | dt: 178.03ms | tok/sec: 736,246 | mfu: 32.62 | epoch: 1 | total time: 0.00m
step 00004 (0.42%) | loss: 6.530969 | lrm: 1.00 | dt: 157.01ms | tok/sec: 834,782 | mfu: 36.99 | epoch: 1 | total time: 0.00m
step 00005 (0.53%) | loss: 6.119877 | lrm: 1.00 | dt: 178.70ms | tok/sec: 733,490 | mfu: 32.50 | epoch: 1 | total time: 0.00m
step 00006 (0.63%) | loss: 5.649386 | lrm: 1.00 | dt: 160.55ms | tok/sec: 816,380 | mfu: 36.17 | epoch: 1 | total time: 0.00m
step 00007 (0.74%) | loss: 5.336950 | lrm: 1.00 | dt: 174.44ms | tok/sec: 751,390 | mfu: 33.29 | epoch: 1 | total time: 0.00m
step 00008 (0.84%) | loss: 5.094756 | lrm: 1.00 | dt: 159.93ms | tok/sec: 819,576 | mfu: 36.31 | epoch: 1 | total time: 0.00m
step 00009 (0.95%) | loss: 4.826976 | lrm: 1.00 | dt: 173.00ms | tok/sec: 757,659 | mfu: 33.57 | epoch: 1 | total time: 0.00m
step 00010 (1.06%) | loss: 4.657544 | lrm: 1.00 | dt: 170.68ms | tok/sec: 767,961 | mfu: 34.03 | epoch: 1 | total time: 0.00m
step 00011 (1.17%) | loss: 4.498779 | lrm: 1.00 | dt: 170.66ms | tok/sec: 768,021 | mfu: 34.03 | epoch: 1 | total time: 0.00m
step 00012 (1.28%) | loss: 4.346238 | lrm: 1.00 | dt: 169.37ms | tok/sec: 773,873 | mfu: 34.29 | epoch: 1 | total time: 0.01m
step 00013 (1.39%) | loss: 4.150635 | lrm: 1.00 | dt: 170.07ms | tok/sec: 770,679 | mfu: 34.15 | epoch: 1 | total time: 0.01m
step 00014 (1.50%) | loss: 4.065361 | lrm: 1.00 | dt: 172.40ms | tok/sec: 760,265 | mfu: 33.68 | epoch: 1 | total time: 0.01m
step 00015 (1.62%) | loss: 3.927658 | lrm: 1.00 | dt: 165.82ms | tok/sec: 790,434 | mfu: 35.02 | epoch: 1 | total time: 0.01m
step 00016 (1.73%) | loss: 3.792103 | lrm: 1.00 | dt: 175.42ms | tok/sec: 747,199 | mfu: 33.11 | epoch: 1 | total time: 0.02m
step 00017 (1.84%) | loss: 3.715424 | lrm: 1.00 | dt: 162.96ms | tok/sec: 804,311 | mfu: 35.64 | epoch: 1 | total time: 0.02m
step 00018 (1.95%) | loss: 3.539040 | lrm: 1.00 | dt: 177.18ms | tok/sec: 739,788 | mfu: 32.78 | epoch: 1 | total time: 0.02m
step 00019 (2.06%) | loss: 3.469159 | lrm: 1.00 | dt: 159.80ms | tok/sec: 820,225 | mfu: 36.34 | epoch: 1 | total time: 0.03m
step 00020 (2.17%) | loss: 3.388100 | lrm: 1.00 | dt: 180.17ms | tok/sec: 727,476 | mfu: 32.23 | epoch: 1 | total time: 0.03m
step 00021 (2.28%) | loss: 3.347532 | lrm: 1.00 | dt: 160.83ms | tok/sec: 814,968 | mfu: 36.11 | epoch: 1 | total time: 0.03m
step 00022 (2.39%) | loss: 3.264056 | lrm: 1.00 | dt: 185.85ms | tok/sec: 705,261 | mfu: 31.25 | epoch: 1 | total time: 0.03m
step 00023 (2.50%) | loss: 3.063027 | lrm: 1.00 | dt: 158.81ms | tok/sec: 825,356 | mfu: 36.57 | epoch: 1 | total time: 0.04m
step 00024 (2.61%) | loss: 3.039599 | lrm: 1.00 | dt: 178.61ms | tok/sec: 733,831 | mfu: 32.51 | epoch: 1 | total time: 0.04m
step 00025 (2.71%) | loss: 2.982475 | lrm: 1.00 | dt: 159.09ms | tok/sec: 823,864 | mfu: 36.50 | epoch: 1 | total time: 0.04m
step 00026 (2.82%) | loss: 2.813014 | lrm: 1.00 | dt: 177.58ms | tok/sec: 738,107 | mfu: 32.70 | epoch: 1 | total time: 0.05m
step 00027 (2.92%) | loss: 2.688163 | lrm: 1.00 | dt: 162.43ms | tok/sec: 806,951 | mfu: 35.75 | epoch: 1 | total time: 0.05m
step 00028 (3.03%) | loss: 2.633145 | lrm: 1.00 | dt: 173.50ms | tok/sec: 755,463 | mfu: 33.47 | epoch: 1 | total time: 0.05m
step 00029 (3.14%) | loss: 2.607012 | lrm: 1.00 | dt: 164.82ms | tok/sec: 795,243 | mfu: 35.23 | epoch: 1 | total time: 0.05m
step 00030 (3.24%) | loss: 2.526447 | lrm: 1.00 | dt: 171.87ms | tok/sec: 762,613 | mfu: 33.79 | epoch: 1 | total time: 0.06m
step 00031 (3.35%) | loss: 2.501406 | lrm: 1.00 | dt: 169.55ms | tok/sec: 773,052 | mfu: 34.25 | epoch: 1 | total time: 0.06m
step 00032 (3.46%) | loss: 2.464603 | lrm: 1.00 | dt: 167.37ms | tok/sec: 783,130 | mfu: 34.70 | epoch: 1 | total time: 0.06m
step 00033 (3.56%) | loss: 2.365462 | lrm: 1.00 | dt: 171.77ms | tok/sec: 763,081 | mfu: 33.81 | epoch: 1 | total time: 0.07m
step 00034 (3.67%) | loss: 2.394956 | lrm: 1.00 | dt: 164.82ms | tok/sec: 795,260 | mfu: 35.24 | epoch: 1 | total time: 0.07m
step 00035 (3.78%) | loss: 2.411459 | lrm: 1.00 | dt: 176.39ms | tok/sec: 743,070 | mfu: 32.92 | epoch: 1 | total time: 0.07m
step 00036 (3.89%) | loss: 2.371905 | lrm: 1.00 | dt: 162.09ms | tok/sec: 808,616 | mfu: 35.83 | epoch: 1 | total time: 0.07m
step 00037 (4.00%) | loss: 2.338499 | lrm: 1.00 | dt: 177.21ms | tok/sec: 739,634 | mfu: 32.77 | epoch: 1 | total time: 0.08m
step 00038 (4.11%) | loss: 2.308703 | lrm: 1.00 | dt: 159.80ms | tok/sec: 820,248 | mfu: 36.34 | epoch: 1 | total time: 0.08m
step 00039 (4.22%) | loss: 2.300042 | lrm: 1.00 | dt: 180.98ms | tok/sec: 724,228 | mfu: 32.09 | epoch: 1 | total time: 0.08m
step 00040 (4.33%) | loss: 2.293784 | lrm: 1.00 | dt: 159.04ms | tok/sec: 824,158 | mfu: 36.52 | epoch: 1 | total time: 0.08m
step 00041 (4.44%) | loss: 2.271609 | lrm: 1.00 | dt: 181.07ms | tok/sec: 723,863 | mfu: 32.07 | epoch: 1 | total time: 0.09m
step 00042 (4.55%) | loss: 2.259812 | lrm: 1.00 | dt: 159.99ms | tok/sec: 819,253 | mfu: 36.30 | epoch: 1 | total time: 0.09m
step 00043 (4.65%) | loss: 2.301630 | lrm: 1.00 | dt: 180.73ms | tok/sec: 725,228 | mfu: 32.13 | epoch: 1 | total time: 0.09m
step 00044 (4.76%) | loss: 2.310931 | lrm: 1.00 | dt: 160.96ms | tok/sec: 814,292 | mfu: 36.08 | epoch: 1 | total time: 0.10m
step 00045 (4.87%) | loss: 2.309390 | lrm: 1.00 | dt: 179.51ms | tok/sec: 730,170 | mfu: 32.35 | epoch: 1 | total time: 0.10m
step 00046 (4.97%) | loss: 2.267857 | lrm: 1.00 | dt: 164.09ms | tok/sec: 798,771 | mfu: 35.39 | epoch: 1 | total time: 0.10m
step 00047 (5.08%) | loss: 2.287250 | lrm: 1.00 | dt: 173.96ms | tok/sec: 753,467 | mfu: 33.38 | epoch: 1 | total time: 0.10m
step 00048 (5.19%) | loss: 2.286452 | lrm: 1.00 | dt: 169.09ms | tok/sec: 775,175 | mfu: 34.35 | epoch: 1 | total time: 0.11m
step 00049 (5.29%) | loss: 2.286685 | lrm: 1.00 | dt: 170.78ms | tok/sec: 767,490 | mfu: 34.00 | epoch: 1 | total time: 0.11m
step 00050 (5.40%) | loss: 2.256232 | lrm: 1.00 | dt: 168.01ms | tok/sec: 780,158 | mfu: 34.57 | epoch: 1 | total time: 0.11m
Step 00050 | Validation bpb: 1.3383
step 00051 (5.50%) | loss: 2.188961 | lrm: 1.00 | dt: 169.89ms | tok/sec: 771,531 | mfu: 34.18 | epoch: 1 | total time: 0.12m
step 00052 (5.61%) | loss: 2.210419 | lrm: 1.00 | dt: 171.92ms | tok/sec: 762,387 | mfu: 33.78 | epoch: 1 | total time: 0.12m
step 00053 (5.73%) | loss: 2.187818 | lrm: 1.00 | dt: 169.35ms | tok/sec: 773,980 | mfu: 34.29 | epoch: 1 | total time: 0.12m
step 00054 (5.83%) | loss: 2.121896 | lrm: 1.00 | dt: 170.64ms | tok/sec: 768,139 | mfu: 34.03 | epoch: 1 | total time: 0.12m
step 00055 (5.94%) | loss: 2.090953 | lrm: 1.00 | dt: 176.93ms | tok/sec: 740,811 | mfu: 32.82 | epoch: 1 | total time: 0.13m
step 00056 (6.05%) | loss: 2.040337 | lrm: 1.00 | dt: 167.65ms | tok/sec: 781,833 | mfu: 34.64 | epoch: 1 | total time: 0.13m
step 00057 (6.16%) | loss: 2.010454 | lrm: 1.00 | dt: 173.10ms | tok/sec: 757,216 | mfu: 33.55 | epoch: 1 | total time: 0.13m
step 00058 (6.26%) | loss: 1.879009 | lrm: 1.00 | dt: 168.61ms | tok/sec: 777,375 | mfu: 34.44 | epoch: 1 | total time: 0.14m
step 00059 (6.37%) | loss: 1.873213 | lrm: 1.00 | dt: 178.14ms | tok/sec: 735,800 | mfu: 32.60 | epoch: 1 | total time: 0.14m
step 00060 (6.48%) | loss: 1.803780 | lrm: 1.00 | dt: 163.45ms | tok/sec: 801,904 | mfu: 35.53 | epoch: 1 | total time: 0.14m
step 00061 (6.59%) | loss: 1.802233 | lrm: 1.00 | dt: 177.90ms | tok/sec: 736,754 | mfu: 32.64 | epoch: 1 | total time: 0.14m
step 00062 (6.69%) | loss: 1.821586 | lrm: 1.00 | dt: 161.78ms | tok/sec: 810,177 | mfu: 35.90 | epoch: 1 | total time: 0.15m
step 00063 (6.80%) | loss: 1.832838 | lrm: 1.00 | dt: 181.29ms | tok/sec: 722,994 | mfu: 32.03 | epoch: 1 | total time: 0.15m
step 00064 (6.91%) | loss: 1.837191 | lrm: 1.00 | dt: 161.03ms | tok/sec: 813,964 | mfu: 36.06 | epoch: 1 | total time: 0.15m
step 00065 (7.02%) | loss: 1.884130 | lrm: 1.00 | dt: 180.03ms | tok/sec: 728,044 | mfu: 32.26 | epoch: 1 | total time: 0.16m
step 00066 (7.12%) | loss: 1.876281 | lrm: 1.00 | dt: 159.41ms | tok/sec: 822,233 | mfu: 36.43 | epoch: 1 | total time: 0.16m
step 00067 (7.23%) | loss: 1.842820 | lrm: 1.00 | dt: 180.50ms | tok/sec: 726,169 | mfu: 32.17 | epoch: 1 | total time: 0.16m
step 00068 (7.34%) | loss: 1.844241 | lrm: 1.00 | dt: 163.17ms | tok/sec: 803,289 | mfu: 35.59 | epoch: 1 | total time: 0.16m
step 00069 (7.45%) | loss: 1.815216 | lrm: 1.00 | dt: 175.46ms | tok/sec: 747,004 | mfu: 33.10 | epoch: 1 | total time: 0.17m
step 00070 (7.56%) | loss: 1.843376 | lrm: 1.00 | dt: 166.81ms | tok/sec: 785,758 | mfu: 34.81 | epoch: 1 | total time: 0.17m
step 00071 (7.67%) | loss: 1.857440 | lrm: 1.00 | dt: 174.58ms | tok/sec: 750,780 | mfu: 33.26 | epoch: 1 | total time: 0.17m
step 00072 (7.78%) | loss: 1.876759 | lrm: 1.00 | dt: 170.13ms | tok/sec: 770,444 | mfu: 34.14 | epoch: 1 | total time: 0.18m
step 00073 (7.89%) | loss: 1.959487 | lrm: 1.00 | dt: 169.03ms | tok/sec: 775,427 | mfu: 34.36 | epoch: 1 | total time: 0.18m
step 00074 (8.00%) | loss: 1.979666 | lrm: 1.00 | dt: 172.94ms | tok/sec: 757,893 | mfu: 33.58 | epoch: 1 | total time: 0.18m
step 00075 (8.11%) | loss: 1.968233 | lrm: 1.00 | dt: 168.26ms | tok/sec: 778,987 | mfu: 34.51 | epoch: 1 | total time: 0.18m
step 00076 (8.21%) | loss: 1.926060 | lrm: 1.00 | dt: 174.63ms | tok/sec: 750,562 | mfu: 33.25 | epoch: 1 | total time: 0.19m
step 00077 (8.32%) | loss: 1.924670 | lrm: 1.00 | dt: 164.78ms | tok/sec: 795,442 | mfu: 35.24 | epoch: 1 | total time: 0.19m
step 00078 (8.43%) | loss: 1.937911 | lrm: 1.00 | dt: 176.08ms | tok/sec: 744,379 | mfu: 32.98 | epoch: 1 | total time: 0.19m
step 00079 (8.54%) | loss: 1.906724 | lrm: 1.00 | dt: 163.51ms | tok/sec: 801,605 | mfu: 35.52 | epoch: 1 | total time: 0.20m
step 00080 (8.65%) | loss: 1.925593 | lrm: 1.00 | dt: 180.24ms | tok/sec: 727,220 | mfu: 32.22 | epoch: 1 | total time: 0.20m
step 00081 (8.76%) | loss: 1.853321 | lrm: 1.00 | dt: 161.19ms | tok/sec: 813,152 | mfu: 36.03 | epoch: 1 | total time: 0.20m
step 00082 (8.87%) | loss: 1.846931 | lrm: 1.00 | dt: 178.91ms | tok/sec: 732,606 | mfu: 32.46 | epoch: 1 | total time: 0.20m
step 00083 (8.97%) | loss: 1.840891 | lrm: 1.00 | dt: 160.76ms | tok/sec: 815,305 | mfu: 36.12 | epoch: 1 | total time: 0.21m
step 00084 (9.08%) | loss: 1.873765 | lrm: 1.00 | dt: 181.64ms | tok/sec: 721,593 | mfu: 31.97 | epoch: 1 | total time: 0.21m
step 00085 (9.19%) | loss: 1.905354 | lrm: 1.00 | dt: 161.45ms | tok/sec: 811,864 | mfu: 35.97 | epoch: 1 | total time: 0.21m
step 00086 (9.29%) | loss: 1.846834 | lrm: 1.00 | dt: 178.58ms | tok/sec: 733,982 | mfu: 32.52 | epoch: 1 | total time: 0.22m
step 00087 (9.40%) | loss: 1.772461 | lrm: 1.00 | dt: 161.09ms | tok/sec: 813,662 | mfu: 36.05 | epoch: 1 | total time: 0.22m
step 00088 (9.50%) | loss: 1.803605 | lrm: 1.00 | dt: 176.88ms | tok/sec: 741,021 | mfu: 32.83 | epoch: 1 | total time: 0.22m
step 00089 (9.61%) | loss: 1.785988 | lrm: 1.00 | dt: 164.61ms | tok/sec: 796,235 | mfu: 35.28 | epoch: 1 | total time: 0.22m
step 00090 (9.72%) | loss: 1.781456 | lrm: 1.00 | dt: 174.84ms | tok/sec: 749,653 | mfu: 33.21 | epoch: 1 | total time: 0.23m
step 00091 (9.83%) | loss: 1.788635 | lrm: 1.00 | dt: 167.27ms | tok/sec: 783,596 | mfu: 34.72 | epoch: 1 | total time: 0.23m
step 00092 (9.94%) | loss: 1.752315 | lrm: 1.00 | dt: 170.87ms | tok/sec: 767,098 | mfu: 33.99 | epoch: 1 | total time: 0.23m
step 00093 (10.04%) | loss: 1.784134 | lrm: 1.00 | dt: 171.29ms | tok/sec: 765,222 | mfu: 33.90 | epoch: 1 | total time: 0.24m
step 00094 (10.15%) | loss: 1.769622 | lrm: 1.00 | dt: 169.16ms | tok/sec: 774,854 | mfu: 34.33 | epoch: 1 | total time: 0.24m
step 00095 (10.26%) | loss: 1.755352 | lrm: 1.00 | dt: 172.32ms | tok/sec: 760,638 | mfu: 33.70 | epoch: 1 | total time: 0.24m
step 00096 (10.36%) | loss: 1.713871 | lrm: 1.00 | dt: 167.98ms | tok/sec: 780,260 | mfu: 34.57 | epoch: 1 | total time: 0.24m
step 00097 (10.47%) | loss: 1.656018 | lrm: 1.00 | dt: 176.31ms | tok/sec: 743,429 | mfu: 32.94 | epoch: 1 | total time: 0.25m
step 00098 (10.58%) | loss: 1.559802 | lrm: 1.00 | dt: 164.44ms | tok/sec: 797,090 | mfu: 35.32 | epoch: 1 | total time: 0.25m
step 00099 (10.69%) | loss: 1.601197 | lrm: 1.00 | dt: 176.43ms | tok/sec: 742,909 | mfu: 32.92 | epoch: 1 | total time: 0.25m
step 00100 (10.79%) | loss: 1.589765 | lrm: 1.00 | dt: 161.30ms | tok/sec: 812,606 | mfu: 36.00 | epoch: 1 | total time: 0.26m
Step 00100 | Validation bpb: 1.1472
step 00101 (10.90%) | loss: 1.597454 | lrm: 1.00 | dt: 165.09ms | tok/sec: 793,945 | mfu: 35.18 | epoch: 1 | total time: 0.26m
step 00102 (11.01%) | loss: 1.634124 | lrm: 1.00 | dt: 177.06ms | tok/sec: 740,287 | mfu: 32.80 | epoch: 1 | total time: 0.26m
step 00103 (11.11%) | loss: 1.643416 | lrm: 1.00 | dt: 162.32ms | tok/sec: 807,514 | mfu: 35.78 | epoch: 1 | total time: 0.26m
step 00104 (11.22%) | loss: 1.623195 | lrm: 1.00 | dt: 180.93ms | tok/sec: 724,445 | mfu: 32.10 | epoch: 1 | total time: 0.27m
step 00105 (11.33%) | loss: 1.651692 | lrm: 1.00 | dt: 159.55ms | tok/sec: 821,497 | mfu: 36.40 | epoch: 1 | total time: 0.27m
step 00106 (11.43%) | loss: 1.629668 | lrm: 1.00 | dt: 178.36ms | tok/sec: 734,873 | mfu: 32.56 | epoch: 1 | total time: 0.27m
step 00107 (11.54%) | loss: 1.647604 | lrm: 1.00 | dt: 160.64ms | tok/sec: 815,956 | mfu: 36.15 | epoch: 1 | total time: 0.28m
step 00108 (11.65%) | loss: 1.647019 | lrm: 1.00 | dt: 179.31ms | tok/sec: 730,977 | mfu: 32.39 | epoch: 1 | total time: 0.28m
step 00109 (11.76%) | loss: 1.621987 | lrm: 1.00 | dt: 163.73ms | tok/sec: 800,530 | mfu: 35.47 | epoch: 1 | total time: 0.28m
step 00110 (11.87%) | loss: 1.615749 | lrm: 1.00 | dt: 172.47ms | tok/sec: 759,976 | mfu: 33.67 | epoch: 1 | total time: 0.28m
step 00111 (11.97%) | loss: 1.588595 | lrm: 1.00 | dt: 179.34ms | tok/sec: 730,850 | mfu: 32.38 | epoch: 1 | total time: 0.29m
step 00112 (12.08%) | loss: 1.612213 | lrm: 1.00 | dt: 190.25ms | tok/sec: 688,951 | mfu: 30.52 | epoch: 1 | total time: 0.29m
step 00113 (12.19%) | loss: 1.616817 | lrm: 1.00 | dt: 167.54ms | tok/sec: 782,316 | mfu: 34.66 | epoch: 1 | total time: 0.29m
step 00114 (12.30%) | loss: 1.652326 | lrm: 1.00 | dt: 174.72ms | tok/sec: 750,194 | mfu: 33.24 | epoch: 1 | total time: 0.30m
step 00115 (12.40%) | loss: 1.607273 | lrm: 1.00 | dt: 167.38ms | tok/sec: 783,093 | mfu: 34.70 | epoch: 1 | total time: 0.30m
step 00116 (12.51%) | loss: 1.620400 | lrm: 1.00 | dt: 170.65ms | tok/sec: 768,066 | mfu: 34.03 | epoch: 1 | total time: 0.30m
step 00117 (12.61%) | loss: 1.625700 | lrm: 1.00 | dt: 171.65ms | tok/sec: 763,604 | mfu: 33.83 | epoch: 1 | total time: 0.30m
step 00118 (12.73%) | loss: 1.594726 | lrm: 1.00 | dt: 166.04ms | tok/sec: 789,389 | mfu: 34.97 | epoch: 1 | total time: 0.31m
step 00119 (12.84%) | loss: 1.565302 | lrm: 1.00 | dt: 175.99ms | tok/sec: 744,772 | mfu: 33.00 | epoch: 1 | total time: 0.31m
step 00120 (12.94%) | loss: 1.479024 | lrm: 1.00 | dt: 162.21ms | tok/sec: 808,021 | mfu: 35.80 | epoch: 1 | total time: 0.31m
step 00121 (13.05%) | loss: 1.478060 | lrm: 1.00 | dt: 179.38ms | tok/sec: 730,696 | mfu: 32.37 | epoch: 1 | total time: 0.32m
step 00122 (13.16%) | loss: 1.470925 | lrm: 1.00 | dt: 162.41ms | tok/sec: 807,053 | mfu: 35.76 | epoch: 1 | total time: 0.32m
step 00123 (13.26%) | loss: 1.465599 | lrm: 1.00 | dt: 179.08ms | tok/sec: 731,912 | mfu: 32.43 | epoch: 1 | total time: 0.32m
step 00124 (13.37%) | loss: 1.478050 | lrm: 1.00 | dt: 160.04ms | tok/sec: 819,001 | mfu: 36.29 | epoch: 1 | total time: 0.32m
step 00125 (13.48%) | loss: 1.507679 | lrm: 1.00 | dt: 182.88ms | tok/sec: 716,713 | mfu: 31.75 | epoch: 1 | total time: 0.33m
step 00126 (13.59%) | loss: 1.571966 | lrm: 1.00 | dt: 160.72ms | tok/sec: 815,552 | mfu: 36.13 | epoch: 1 | total time: 0.33m
step 00127 (13.70%) | loss: 1.571388 | lrm: 1.00 | dt: 181.11ms | tok/sec: 723,730 | mfu: 32.07 | epoch: 1 | total time: 0.33m
step 00128 (13.81%) | loss: 1.577655 | lrm: 1.00 | dt: 159.63ms | tok/sec: 821,081 | mfu: 36.38 | epoch: 1 | total time: 0.34m
step 00129 (13.91%) | loss: 1.541110 | lrm: 1.00 | dt: 178.77ms | tok/sec: 733,194 | mfu: 32.49 | epoch: 1 | total time: 0.34m
step 00130 (14.02%) | loss: 1.547720 | lrm: 1.00 | dt: 164.22ms | tok/sec: 798,149 | mfu: 35.36 | epoch: 1 | total time: 0.34m
step 00131 (14.13%) | loss: 1.502727 | lrm: 1.00 | dt: 174.00ms | tok/sec: 753,306 | mfu: 33.38 | epoch: 1 | total time: 0.34m
step 00132 (14.24%) | loss: 1.487122 | lrm: 1.00 | dt: 167.21ms | tok/sec: 783,880 | mfu: 34.73 | epoch: 1 | total time: 0.35m
step 00133 (14.34%) | loss: 1.468314 | lrm: 1.00 | dt: 177.19ms | tok/sec: 739,709 | mfu: 32.77 | epoch: 1 | total time: 0.35m
step 00134 (14.45%) | loss: 1.472992 | lrm: 1.00 | dt: 168.26ms | tok/sec: 778,981 | mfu: 34.51 | epoch: 1 | total time: 0.35m
step 00135 (14.56%) | loss: 1.426929 | lrm: 1.00 | dt: 171.52ms | tok/sec: 764,178 | mfu: 33.86 | epoch: 1 | total time: 0.36m
step 00136 (14.67%) | loss: 1.387407 | lrm: 1.00 | dt: 168.78ms | tok/sec: 776,589 | mfu: 34.41 | epoch: 1 | total time: 0.36m
step 00137 (14.78%) | loss: 1.374575 | lrm: 1.00 | dt: 170.56ms | tok/sec: 768,487 | mfu: 34.05 | epoch: 1 | total time: 0.36m
step 00138 (14.88%) | loss: 1.385680 | lrm: 1.00 | dt: 172.93ms | tok/sec: 757,946 | mfu: 33.58 | epoch: 1 | total time: 0.36m
step 00139 (14.99%) | loss: 1.425613 | lrm: 1.00 | dt: 164.04ms | tok/sec: 799,036 | mfu: 35.40 | epoch: 1 | total time: 0.37m
step 00140 (15.10%) | loss: 1.388223 | lrm: 1.00 | dt: 176.34ms | tok/sec: 743,303 | mfu: 32.93 | epoch: 1 | total time: 0.37m
step 00141 (15.21%) | loss: 1.385402 | lrm: 1.00 | dt: 162.22ms | tok/sec: 807,978 | mfu: 35.80 | epoch: 1 | total time: 0.37m
step 00142 (15.32%) | loss: 1.424165 | lrm: 1.00 | dt: 181.84ms | tok/sec: 720,792 | mfu: 31.94 | epoch: 1 | total time: 0.38m
step 00143 (15.43%) | loss: 1.441558 | lrm: 1.00 | dt: 158.43ms | tok/sec: 827,312 | mfu: 36.66 | epoch: 1 | total time: 0.38m
step 00144 (15.53%) | loss: 1.474167 | lrm: 1.00 | dt: 174.61ms | tok/sec: 750,673 | mfu: 33.26 | epoch: 1 | total time: 0.38m
step 00145 (15.65%) | loss: 1.458271 | lrm: 1.00 | dt: 159.55ms | tok/sec: 821,510 | mfu: 36.40 | epoch: 1 | total time: 0.38m
step 00146 (15.75%) | loss: 1.517463 | lrm: 1.00 | dt: 164.34ms | tok/sec: 797,571 | mfu: 35.34 | epoch: 1 | total time: 0.39m
step 00147 (15.87%) | loss: 1.504860 | lrm: 1.00 | dt: 162.29ms | tok/sec: 807,657 | mfu: 35.78 | epoch: 1 | total time: 0.39m
step 00148 (15.97%) | loss: 1.454619 | lrm: 1.00 | dt: 175.46ms | tok/sec: 747,025 | mfu: 33.10 | epoch: 1 | total time: 0.39m
step 00149 (16.08%) | loss: 1.395800 | lrm: 1.00 | dt: 168.31ms | tok/sec: 778,772 | mfu: 34.50 | epoch: 1 | total time: 0.39m
step 00150 (16.18%) | loss: 1.442444 | lrm: 1.00 | dt: 171.22ms | tok/sec: 765,534 | mfu: 33.92 | epoch: 1 | total time: 0.40m
Step 00150 | Validation bpb: 1.0926
step 00151 (16.29%) | loss: 1.424014 | lrm: 1.00 | dt: 169.36ms | tok/sec: 773,911 | mfu: 34.29 | epoch: 1 | total time: 0.40m
step 00152 (16.40%) | loss: 1.373095 | lrm: 1.00 | dt: 172.66ms | tok/sec: 759,119 | mfu: 33.63 | epoch: 1 | total time: 0.40m
step 00153 (16.50%) | loss: 1.369142 | lrm: 1.00 | dt: 164.32ms | tok/sec: 797,680 | mfu: 35.34 | epoch: 1 | total time: 0.41m
step 00154 (16.61%) | loss: 1.382787 | lrm: 1.00 | dt: 177.59ms | tok/sec: 738,051 | mfu: 32.70 | epoch: 1 | total time: 0.41m
step 00155 (16.71%) | loss: 1.358528 | lrm: 1.00 | dt: 161.11ms | tok/sec: 813,563 | mfu: 36.05 | epoch: 1 | total time: 0.41m
step 00156 (16.82%) | loss: 1.443773 | lrm: 1.00 | dt: 179.96ms | tok/sec: 728,329 | mfu: 32.27 | epoch: 1 | total time: 0.41m
step 00157 (16.93%) | loss: 1.433104 | lrm: 1.00 | dt: 159.97ms | tok/sec: 819,358 | mfu: 36.30 | epoch: 1 | total time: 0.42m
step 00158 (17.03%) | loss: 1.464048 | lrm: 1.00 | dt: 182.36ms | tok/sec: 718,768 | mfu: 31.85 | epoch: 1 | total time: 0.42m
step 00159 (17.14%) | loss: 1.411839 | lrm: 1.00 | dt: 159.43ms | tok/sec: 822,122 | mfu: 36.43 | epoch: 1 | total time: 0.42m
step 00160 (17.25%) | loss: 1.418697 | lrm: 1.00 | dt: 180.12ms | tok/sec: 727,695 | mfu: 32.24 | epoch: 1 | total time: 0.43m
step 00161 (17.36%) | loss: 1.423613 | lrm: 1.00 | dt: 161.30ms | tok/sec: 812,589 | mfu: 36.00 | epoch: 1 | total time: 0.43m
step 00162 (17.47%) | loss: 1.407744 | lrm: 1.00 | dt: 178.51ms | tok/sec: 734,235 | mfu: 32.53 | epoch: 1 | total time: 0.43m
step 00163 (17.57%) | loss: 1.407947 | lrm: 1.00 | dt: 164.45ms | tok/sec: 797,015 | mfu: 35.31 | epoch: 1 | total time: 0.43m
step 00164 (17.68%) | loss: 1.404807 | lrm: 1.00 | dt: 172.60ms | tok/sec: 759,408 | mfu: 33.65 | epoch: 1 | total time: 0.44m
step 00165 (17.79%) | loss: 1.423174 | lrm: 1.00 | dt: 167.39ms | tok/sec: 783,011 | mfu: 34.69 | epoch: 1 | total time: 0.44m
step 00166 (17.89%) | loss: 1.462180 | lrm: 1.00 | dt: 170.42ms | tok/sec: 769,110 | mfu: 34.08 | epoch: 1 | total time: 0.44m
step 00167 (18.00%) | loss: 1.433249 | lrm: 1.00 | dt: 174.65ms | tok/sec: 750,485 | mfu: 33.25 | epoch: 1 | total time: 0.45m
step 00168 (18.10%) | loss: 1.440574 | lrm: 1.00 | dt: 167.22ms | tok/sec: 783,834 | mfu: 34.73 | epoch: 1 | total time: 0.45m
step 00169 (18.21%) | loss: 1.496432 | lrm: 1.00 | dt: 175.95ms | tok/sec: 744,925 | mfu: 33.00 | epoch: 1 | total time: 0.45m
step 00170 (18.32%) | loss: 1.464928 | lrm: 1.00 | dt: 163.56ms | tok/sec: 801,355 | mfu: 35.51 | epoch: 1 | total time: 0.45m
step 00171 (18.43%) | loss: 1.468192 | lrm: 1.00 | dt: 181.58ms | tok/sec: 721,856 | mfu: 31.98 | epoch: 1 | total time: 0.46m
step 00172 (18.53%) | loss: 1.475241 | lrm: 1.00 | dt: 159.54ms | tok/sec: 821,563 | mfu: 36.40 | epoch: 1 | total time: 0.46m
step 00173 (18.65%) | loss: 1.518283 | lrm: 1.00 | dt: 183.12ms | tok/sec: 715,753 | mfu: 31.71 | epoch: 1 | total time: 0.46m
step 00174 (18.76%) | loss: 1.434128 | lrm: 1.00 | dt: 158.80ms | tok/sec: 825,415 | mfu: 36.57 | epoch: 1 | total time: 0.47m
step 00175 (18.86%) | loss: 1.399144 | lrm: 1.00 | dt: 182.20ms | tok/sec: 719,387 | mfu: 31.87 | epoch: 1 | total time: 0.47m
step 00176 (18.96%) | loss: 1.424089 | lrm: 1.00 | dt: 161.21ms | tok/sec: 813,047 | mfu: 36.02 | epoch: 1 | total time: 0.47m
step 00177 (19.07%) | loss: 1.410005 | lrm: 1.00 | dt: 177.45ms | tok/sec: 738,658 | mfu: 32.73 | epoch: 1 | total time: 0.47m
step 00178 (19.18%) | loss: 1.430773 | lrm: 1.00 | dt: 165.52ms | tok/sec: 791,857 | mfu: 35.08 | epoch: 1 | total time: 0.48m
step 00179 (19.29%) | loss: 1.465927 | lrm: 1.00 | dt: 178.71ms | tok/sec: 733,438 | mfu: 32.50 | epoch: 1 | total time: 0.48m
step 00180 (19.40%) | loss: 1.432744 | lrm: 1.00 | dt: 167.59ms | tok/sec: 782,114 | mfu: 34.65 | epoch: 1 | total time: 0.48m
step 00181 (19.50%) | loss: 1.447128 | lrm: 1.00 | dt: 180.51ms | tok/sec: 726,123 | mfu: 32.17 | epoch: 1 | total time: 0.49m
step 00182 (19.61%) | loss: 1.420268 | lrm: 1.00 | dt: 170.00ms | tok/sec: 771,000 | mfu: 34.16 | epoch: 1 | total time: 0.49m
step 00183 (19.72%) | loss: 1.436866 | lrm: 1.00 | dt: 173.03ms | tok/sec: 757,501 | mfu: 33.56 | epoch: 1 | total time: 0.49m
step 00184 (19.83%) | loss: 1.463864 | lrm: 1.00 | dt: 173.58ms | tok/sec: 755,126 | mfu: 33.46 | epoch: 1 | total time: 0.49m
step 00185 (19.93%) | loss: 1.412526 | lrm: 1.00 | dt: 166.20ms | tok/sec: 788,628 | mfu: 34.94 | epoch: 1 | total time: 0.50m
step 00186 (20.04%) | loss: 1.442931 | lrm: 1.00 | dt: 178.02ms | tok/sec: 736,286 | mfu: 32.62 | epoch: 1 | total time: 0.50m
step 00187 (20.15%) | loss: 1.430977 | lrm: 1.00 | dt: 164.22ms | tok/sec: 798,155 | mfu: 35.36 | epoch: 1 | total time: 0.50m
step 00188 (20.26%) | loss: 1.358154 | lrm: 1.00 | dt: 181.25ms | tok/sec: 723,169 | mfu: 32.04 | epoch: 1 | total time: 0.51m
step 00189 (20.37%) | loss: 1.428223 | lrm: 1.00 | dt: 161.82ms | tok/sec: 809,998 | mfu: 35.89 | epoch: 1 | total time: 0.51m
step 00190 (20.47%) | loss: 1.465656 | lrm: 1.00 | dt: 182.08ms | tok/sec: 719,852 | mfu: 31.89 | epoch: 1 | total time: 0.51m
step 00191 (20.58%) | loss: 1.456965 | lrm: 1.00 | dt: 160.94ms | tok/sec: 814,428 | mfu: 36.08 | epoch: 1 | total time: 0.51m
step 00192 (20.69%) | loss: 1.472627 | lrm: 1.00 | dt: 183.75ms | tok/sec: 713,306 | mfu: 31.60 | epoch: 1 | total time: 0.52m
step 00193 (20.80%) | loss: 1.457781 | lrm: 1.00 | dt: 161.88ms | tok/sec: 809,700 | mfu: 35.87 | epoch: 1 | total time: 0.52m
step 00194 (20.90%) | loss: 1.439903 | lrm: 1.00 | dt: 182.85ms | tok/sec: 716,833 | mfu: 31.76 | epoch: 1 | total time: 0.52m
step 00195 (21.01%) | loss: 1.430044 | lrm: 1.00 | dt: 161.42ms | tok/sec: 812,012 | mfu: 35.98 | epoch: 1 | total time: 0.53m
step 00196 (21.12%) | loss: 1.440427 | lrm: 1.00 | dt: 182.16ms | tok/sec: 719,559 | mfu: 31.88 | epoch: 1 | total time: 0.53m
step 00197 (21.23%) | loss: 1.417455 | lrm: 1.00 | dt: 164.94ms | tok/sec: 794,683 | mfu: 35.21 | epoch: 1 | total time: 0.53m
step 00198 (21.33%) | loss: 1.464684 | lrm: 1.00 | dt: 176.43ms | tok/sec: 742,916 | mfu: 32.92 | epoch: 1 | total time: 0.53m
step 00199 (21.44%) | loss: 1.455957 | lrm: 1.00 | dt: 165.87ms | tok/sec: 790,219 | mfu: 35.01 | epoch: 1 | total time: 0.54m
step 00200 (21.55%) | loss: 1.423585 | lrm: 1.00 | dt: 174.76ms | tok/sec: 749,993 | mfu: 33.23 | epoch: 1 | total time: 0.54m
Step 00200 | Validation bpb: 1.0617
step 00201 (21.66%) | loss: 1.464086 | lrm: 1.00 | dt: 175.23ms | tok/sec: 747,980 | mfu: 33.14 | epoch: 1 | total time: 0.54m
step 00202 (21.77%) | loss: 1.469306 | lrm: 1.00 | dt: 167.55ms | tok/sec: 782,285 | mfu: 34.66 | epoch: 1 | total time: 0.55m
step 00203 (21.87%) | loss: 1.404090 | lrm: 1.00 | dt: 173.73ms | tok/sec: 754,458 | mfu: 33.43 | epoch: 1 | total time: 0.55m
step 00204 (21.98%) | loss: 1.405149 | lrm: 1.00 | dt: 172.59ms | tok/sec: 759,447 | mfu: 33.65 | epoch: 1 | total time: 0.55m
step 00205 (22.09%) | loss: 1.434448 | lrm: 1.00 | dt: 167.89ms | tok/sec: 780,717 | mfu: 34.59 | epoch: 1 | total time: 0.55m
step 00206 (22.19%) | loss: 1.449235 | lrm: 1.00 | dt: 173.93ms | tok/sec: 753,600 | mfu: 33.39 | epoch: 1 | total time: 0.56m
step 00207 (22.30%) | loss: 1.474523 | lrm: 1.00 | dt: 165.42ms | tok/sec: 792,375 | mfu: 35.11 | epoch: 1 | total time: 0.56m
step 00208 (22.41%) | loss: 1.439213 | lrm: 1.00 | dt: 179.68ms | tok/sec: 729,457 | mfu: 32.32 | epoch: 1 | total time: 0.56m
step 00209 (22.52%) | loss: 1.410558 | lrm: 1.00 | dt: 161.41ms | tok/sec: 812,027 | mfu: 35.98 | epoch: 1 | total time: 0.57m
step 00210 (22.63%) | loss: 1.447917 | lrm: 1.00 | dt: 181.66ms | tok/sec: 721,509 | mfu: 31.97 | epoch: 1 | total time: 0.57m
step 00211 (22.73%) | loss: 1.443875 | lrm: 1.00 | dt: 159.45ms | tok/sec: 822,026 | mfu: 36.42 | epoch: 1 | total time: 0.57m
step 00212 (22.85%) | loss: 1.457639 | lrm: 1.00 | dt: 186.87ms | tok/sec: 701,394 | mfu: 31.08 | epoch: 1 | total time: 0.57m
step 00213 (22.96%) | loss: 1.448092 | lrm: 1.00 | dt: 160.52ms | tok/sec: 816,534 | mfu: 36.18 | epoch: 1 | total time: 0.58m
step 00214 (23.06%) | loss: 1.441010 | lrm: 1.00 | dt: 181.39ms | tok/sec: 722,605 | mfu: 32.02 | epoch: 1 | total time: 0.58m
step 00215 (23.17%) | loss: 1.481673 | lrm: 1.00 | dt: 160.31ms | tok/sec: 817,599 | mfu: 36.22 | epoch: 1 | total time: 0.58m
step 00216 (23.28%) | loss: 1.507531 | lrm: 1.00 | dt: 181.53ms | tok/sec: 722,034 | mfu: 31.99 | epoch: 1 | total time: 0.59m
step 00217 (23.39%) | loss: 1.474774 | lrm: 1.00 | dt: 164.29ms | tok/sec: 797,802 | mfu: 35.35 | epoch: 1 | total time: 0.59m
step 00218 (23.50%) | loss: 1.486926 | lrm: 1.00 | dt: 178.22ms | tok/sec: 735,436 | mfu: 32.58 | epoch: 1 | total time: 0.59m
step 00219 (23.60%) | loss: 1.423199 | lrm: 1.00 | dt: 164.22ms | tok/sec: 798,171 | mfu: 35.36 | epoch: 1 | total time: 0.59m
step 00220 (23.71%) | loss: 1.440714 | lrm: 1.00 | dt: 175.57ms | tok/sec: 746,546 | mfu: 33.08 | epoch: 1 | total time: 0.60m
step 00221 (23.82%) | loss: 1.427902 | lrm: 1.00 | dt: 169.84ms | tok/sec: 771,748 | mfu: 34.19 | epoch: 1 | total time: 0.60m
step 00222 (23.93%) | loss: 1.394470 | lrm: 1.00 | dt: 170.43ms | tok/sec: 769,085 | mfu: 34.08 | epoch: 1 | total time: 0.60m
step 00223 (24.04%) | loss: 1.361631 | lrm: 1.00 | dt: 170.65ms | tok/sec: 768,093 | mfu: 34.03 | epoch: 1 | total time: 0.61m
step 00224 (24.14%) | loss: 1.294054 | lrm: 1.00 | dt: 172.08ms | tok/sec: 761,701 | mfu: 33.75 | epoch: 1 | total time: 0.61m
step 00225 (24.25%) | loss: 1.302766 | lrm: 1.00 | dt: 175.05ms | tok/sec: 748,754 | mfu: 33.17 | epoch: 1 | total time: 0.61m
step 00226 (24.36%) | loss: 1.283094 | lrm: 1.00 | dt: 165.44ms | tok/sec: 792,276 | mfu: 35.10 | epoch: 1 | total time: 0.61m
step 00227 (24.47%) | loss: 1.341857 | lrm: 1.00 | dt: 175.86ms | tok/sec: 745,318 | mfu: 33.02 | epoch: 1 | total time: 0.62m
step 00228 (24.58%) | loss: 1.315915 | lrm: 1.00 | dt: 163.65ms | tok/sec: 800,912 | mfu: 35.49 | epoch: 1 | total time: 0.62m
step 00229 (24.69%) | loss: 1.346045 | lrm: 1.00 | dt: 180.79ms | tok/sec: 725,010 | mfu: 32.12 | epoch: 1 | total time: 0.62m
step 00230 (24.80%) | loss: 1.382980 | lrm: 1.00 | dt: 160.14ms | tok/sec: 818,479 | mfu: 36.26 | epoch: 1 | total time: 0.63m
step 00231 (24.91%) | loss: 1.384185 | lrm: 1.00 | dt: 180.98ms | tok/sec: 724,247 | mfu: 32.09 | epoch: 1 | total time: 0.63m
step 00232 (25.01%) | loss: 1.364429 | lrm: 1.00 | dt: 159.82ms | tok/sec: 820,111 | mfu: 36.34 | epoch: 1 | total time: 0.63m
step 00233 (25.12%) | loss: 1.372534 | lrm: 1.00 | dt: 185.18ms | tok/sec: 707,806 | mfu: 31.36 | epoch: 1 | total time: 0.63m
step 00234 (25.22%) | loss: 1.378991 | lrm: 1.00 | dt: 161.78ms | tok/sec: 810,208 | mfu: 35.90 | epoch: 1 | total time: 0.64m
step 00235 (25.33%) | loss: 1.375457 | lrm: 1.00 | dt: 182.23ms | tok/sec: 719,280 | mfu: 31.87 | epoch: 1 | total time: 0.64m
step 00236 (25.43%) | loss: 1.392484 | lrm: 1.00 | dt: 159.48ms | tok/sec: 821,893 | mfu: 36.42 | epoch: 1 | total time: 0.64m
step 00237 (25.54%) | loss: 1.406101 | lrm: 1.00 | dt: 181.24ms | tok/sec: 723,203 | mfu: 32.04 | epoch: 1 | total time: 0.65m
step 00238 (25.65%) | loss: 1.398942 | lrm: 1.00 | dt: 164.12ms | tok/sec: 798,612 | mfu: 35.38 | epoch: 1 | total time: 0.65m
step 00239 (25.76%) | loss: 1.390744 | lrm: 1.00 | dt: 175.72ms | tok/sec: 745,928 | mfu: 33.05 | epoch: 1 | total time: 0.65m
step 00240 (25.86%) | loss: 1.350364 | lrm: 1.00 | dt: 164.30ms | tok/sec: 797,778 | mfu: 35.35 | epoch: 1 | total time: 0.65m
step 00241 (25.97%) | loss: 1.345799 | lrm: 1.00 | dt: 173.60ms | tok/sec: 755,037 | mfu: 33.45 | epoch: 1 | total time: 0.66m
step 00242 (26.08%) | loss: 1.325482 | lrm: 1.00 | dt: 172.26ms | tok/sec: 760,900 | mfu: 33.71 | epoch: 1 | total time: 0.66m
step 00243 (26.18%) | loss: 1.364318 | lrm: 1.00 | dt: 170.40ms | tok/sec: 769,195 | mfu: 34.08 | epoch: 1 | total time: 0.66m
step 00244 (26.29%) | loss: 1.337152 | lrm: 1.00 | dt: 169.67ms | tok/sec: 772,508 | mfu: 34.23 | epoch: 1 | total time: 0.67m
step 00245 (26.39%) | loss: 1.331092 | lrm: 1.00 | dt: 170.81ms | tok/sec: 767,372 | mfu: 34.00 | epoch: 1 | total time: 0.67m
step 00246 (26.50%) | loss: 1.310925 | lrm: 1.00 | dt: 174.31ms | tok/sec: 751,949 | mfu: 33.32 | epoch: 1 | total time: 0.67m
step 00247 (26.61%) | loss: 1.325705 | lrm: 1.00 | dt: 164.46ms | tok/sec: 797,007 | mfu: 35.31 | epoch: 1 | total time: 0.67m
step 00248 (26.72%) | loss: 1.262538 | lrm: 1.00 | dt: 176.63ms | tok/sec: 742,082 | mfu: 32.88 | epoch: 1 | total time: 0.68m
step 00249 (26.82%) | loss: 1.315376 | lrm: 1.00 | dt: 163.21ms | tok/sec: 803,089 | mfu: 35.58 | epoch: 1 | total time: 0.68m
step 00250 (26.93%) | loss: 1.271650 | lrm: 1.00 | dt: 179.83ms | tok/sec: 728,858 | mfu: 32.29 | epoch: 1 | total time: 0.68m
Step 00250 | Validation bpb: 1.0640
step 00251 (27.04%) | loss: 1.232939 | lrm: 1.00 | dt: 177.86ms | tok/sec: 736,957 | mfu: 32.65 | epoch: 1 | total time: 0.69m
step 00252 (27.15%) | loss: 1.278257 | lrm: 1.00 | dt: 163.17ms | tok/sec: 803,283 | mfu: 35.59 | epoch: 1 | total time: 0.69m
step 00253 (27.26%) | loss: 1.266635 | lrm: 1.00 | dt: 182.68ms | tok/sec: 717,502 | mfu: 31.79 | epoch: 1 | total time: 0.69m
step 00254 (27.37%) | loss: 1.246986 | lrm: 1.00 | dt: 160.11ms | tok/sec: 818,645 | mfu: 36.27 | epoch: 1 | total time: 0.69m
step 00255 (27.47%) | loss: 1.214070 | lrm: 1.00 | dt: 180.83ms | tok/sec: 724,827 | mfu: 32.11 | epoch: 1 | total time: 0.70m
step 00256 (27.58%) | loss: 1.162872 | lrm: 1.00 | dt: 160.07ms | tok/sec: 818,833 | mfu: 36.28 | epoch: 1 | total time: 0.70m
step 00257 (27.69%) | loss: 1.148221 | lrm: 1.00 | dt: 183.66ms | tok/sec: 713,655 | mfu: 31.62 | epoch: 1 | total time: 0.70m
step 00258 (27.79%) | loss: 1.112273 | lrm: 1.00 | dt: 158.45ms | tok/sec: 827,189 | mfu: 36.65 | epoch: 1 | total time: 0.71m
step 00259 (27.90%) | loss: 1.117331 | lrm: 1.00 | dt: 180.82ms | tok/sec: 724,863 | mfu: 32.12 | epoch: 1 | total time: 0.71m
step 00260 (28.00%) | loss: 1.096257 | lrm: 1.00 | dt: 159.63ms | tok/sec: 821,119 | mfu: 36.38 | epoch: 1 | total time: 0.71m
step 00261 (28.11%) | loss: 1.095047 | lrm: 1.00 | dt: 181.33ms | tok/sec: 722,820 | mfu: 32.03 | epoch: 1 | total time: 0.71m
step 00262 (28.22%) | loss: 1.131315 | lrm: 1.00 | dt: 164.90ms | tok/sec: 794,859 | mfu: 35.22 | epoch: 1 | total time: 0.72m
step 00263 (28.33%) | loss: 1.129903 | lrm: 1.00 | dt: 177.27ms | tok/sec: 739,382 | mfu: 32.76 | epoch: 1 | total time: 0.72m
step 00264 (28.43%) | loss: 1.117728 | lrm: 1.00 | dt: 165.33ms | tok/sec: 792,769 | mfu: 35.12 | epoch: 1 | total time: 0.72m
step 00265 (28.54%) | loss: 1.128142 | lrm: 1.00 | dt: 175.04ms | tok/sec: 748,798 | mfu: 33.18 | epoch: 1 | total time: 0.73m
step 00266 (28.65%) | loss: 1.129467 | lrm: 1.00 | dt: 170.33ms | tok/sec: 769,540 | mfu: 34.10 | epoch: 1 | total time: 0.73m
step 00267 (28.76%) | loss: 1.169068 | lrm: 1.00 | dt: 169.64ms | tok/sec: 772,637 | mfu: 34.23 | epoch: 1 | total time: 0.73m
step 00268 (28.87%) | loss: 1.160213 | lrm: 1.00 | dt: 172.31ms | tok/sec: 760,688 | mfu: 33.70 | epoch: 1 | total time: 0.73m
step 00269 (28.98%) | loss: 1.163163 | lrm: 1.00 | dt: 168.65ms | tok/sec: 777,179 | mfu: 34.43 | epoch: 1 | total time: 0.74m
step 00270 (29.08%) | loss: 1.207518 | lrm: 1.00 | dt: 175.67ms | tok/sec: 746,113 | mfu: 33.06 | epoch: 1 | total time: 0.74m
step 00271 (29.19%) | loss: 1.197053 | lrm: 1.00 | dt: 163.62ms | tok/sec: 801,073 | mfu: 35.49 | epoch: 1 | total time: 0.74m
step 00272 (29.30%) | loss: 1.184636 | lrm: 1.00 | dt: 176.94ms | tok/sec: 740,753 | mfu: 32.82 | epoch: 1 | total time: 0.75m
step 00273 (29.41%) | loss: 1.206618 | lrm: 1.00 | dt: 163.88ms | tok/sec: 799,801 | mfu: 35.44 | epoch: 1 | total time: 0.75m
step 00274 (29.52%) | loss: 1.212216 | lrm: 1.00 | dt: 182.25ms | tok/sec: 719,173 | mfu: 31.86 | epoch: 1 | total time: 0.75m
step 00275 (29.63%) | loss: 1.237931 | lrm: 1.00 | dt: 160.34ms | tok/sec: 817,469 | mfu: 36.22 | epoch: 1 | total time: 0.75m
step 00276 (29.74%) | loss: 1.225551 | lrm: 1.00 | dt: 177.10ms | tok/sec: 740,094 | mfu: 32.79 | epoch: 1 | total time: 0.76m
step 00277 (29.85%) | loss: 1.236450 | lrm: 1.00 | dt: 159.67ms | tok/sec: 820,871 | mfu: 36.37 | epoch: 1 | total time: 0.76m
step 00278 (29.96%) | loss: 1.231928 | lrm: 1.00 | dt: 165.44ms | tok/sec: 792,276 | mfu: 35.10 | epoch: 1 | total time: 0.76m
step 00279 (30.06%) | loss: 1.243735 | lrm: 1.00 | dt: 158.71ms | tok/sec: 825,837 | mfu: 36.59 | epoch: 1 | total time: 0.77m
step 00280 (30.17%) | loss: 1.290413 | lrm: 1.00 | dt: 164.20ms | tok/sec: 798,249 | mfu: 35.37 | epoch: 1 | total time: 0.77m
step 00281 (30.27%) | loss: 1.268664 | lrm: 1.00 | dt: 160.53ms | tok/sec: 816,517 | mfu: 36.18 | epoch: 1 | total time: 0.77m
step 00282 (30.38%) | loss: 1.319298 | lrm: 1.00 | dt: 161.35ms | tok/sec: 812,351 | mfu: 35.99 | epoch: 1 | total time: 0.77m
step 00283 (30.49%) | loss: 1.309032 | lrm: 1.00 | dt: 163.62ms | tok/sec: 801,060 | mfu: 35.49 | epoch: 1 | total time: 0.78m
step 00284 (30.60%) | loss: 1.296317 | lrm: 1.00 | dt: 159.78ms | tok/sec: 820,303 | mfu: 36.34 | epoch: 1 | total time: 0.78m
step 00285 (30.70%) | loss: 1.310083 | lrm: 1.00 | dt: 164.84ms | tok/sec: 795,169 | mfu: 35.23 | epoch: 1 | total time: 0.78m
step 00286 (30.81%) | loss: 1.309639 | lrm: 1.00 | dt: 159.40ms | tok/sec: 822,265 | mfu: 36.43 | epoch: 1 | total time: 0.78m
step 00287 (30.92%) | loss: 1.310686 | lrm: 1.00 | dt: 166.06ms | tok/sec: 789,310 | mfu: 34.97 | epoch: 1 | total time: 0.79m
step 00288 (31.02%) | loss: 1.299996 | lrm: 1.00 | dt: 157.11ms | tok/sec: 834,266 | mfu: 36.96 | epoch: 1 | total time: 0.79m
step 00289 (31.13%) | loss: 1.302274 | lrm: 1.00 | dt: 164.17ms | tok/sec: 798,416 | mfu: 35.37 | epoch: 1 | total time: 0.79m
step 00290 (31.25%) | loss: 1.267812 | lrm: 1.00 | dt: 162.67ms | tok/sec: 805,735 | mfu: 35.70 | epoch: 1 | total time: 0.79m
step 00291 (31.35%) | loss: 1.252391 | lrm: 1.00 | dt: 160.92ms | tok/sec: 814,514 | mfu: 36.09 | epoch: 1 | total time: 0.80m
step 00292 (31.46%) | loss: 1.308889 | lrm: 1.00 | dt: 163.38ms | tok/sec: 802,244 | mfu: 35.54 | epoch: 1 | total time: 0.80m
step 00293 (31.57%) | loss: 1.277401 | lrm: 1.00 | dt: 161.29ms | tok/sec: 812,625 | mfu: 36.00 | epoch: 1 | total time: 0.80m
step 00294 (31.68%) | loss: 1.341129 | lrm: 1.00 | dt: 178.75ms | tok/sec: 733,273 | mfu: 32.49 | epoch: 1 | total time: 0.81m
step 00295 (31.79%) | loss: 1.325800 | lrm: 1.00 | dt: 161.43ms | tok/sec: 811,959 | mfu: 35.97 | epoch: 1 | total time: 0.81m
step 00296 (31.90%) | loss: 1.302032 | lrm: 1.00 | dt: 183.79ms | tok/sec: 713,179 | mfu: 31.60 | epoch: 1 | total time: 0.81m
step 00297 (32.01%) | loss: 1.269800 | lrm: 1.00 | dt: 161.09ms | tok/sec: 813,681 | mfu: 36.05 | epoch: 1 | total time: 0.81m
step 00298 (32.12%) | loss: 1.212523 | lrm: 1.00 | dt: 180.79ms | tok/sec: 725,001 | mfu: 32.12 | epoch: 1 | total time: 0.82m
step 00299 (32.23%) | loss: 1.240793 | lrm: 1.00 | dt: 161.48ms | tok/sec: 811,713 | mfu: 35.96 | epoch: 1 | total time: 0.82m
step 00300 (32.34%) | loss: 1.252417 | lrm: 1.00 | dt: 176.35ms | tok/sec: 743,241 | mfu: 32.93 | epoch: 1 | total time: 0.82m
Step 00300 | Validation bpb: 1.0362
step 00301 (32.44%) | loss: 1.249123 | lrm: 1.00 | dt: 171.71ms | tok/sec: 763,323 | mfu: 33.82 | epoch: 1 | total time: 0.83m
step 00302 (32.55%) | loss: 1.290730 | lrm: 1.00 | dt: 171.01ms | tok/sec: 766,477 | mfu: 33.96 | epoch: 1 | total time: 0.83m
step 00303 (32.66%) | loss: 1.303631 | lrm: 1.00 | dt: 168.02ms | tok/sec: 780,095 | mfu: 34.56 | epoch: 1 | total time: 0.83m
step 00304 (32.76%) | loss: 1.284854 | lrm: 1.00 | dt: 174.83ms | tok/sec: 749,711 | mfu: 33.22 | epoch: 1 | total time: 0.83m
step 00305 (32.87%) | loss: 1.313680 | lrm: 1.00 | dt: 163.82ms | tok/sec: 800,105 | mfu: 35.45 | epoch: 1 | total time: 0.84m
step 00306 (32.98%) | loss: 1.289484 | lrm: 1.00 | dt: 177.55ms | tok/sec: 738,214 | mfu: 32.71 | epoch: 1 | total time: 0.84m
step 00307 (33.09%) | loss: 1.278149 | lrm: 1.00 | dt: 162.01ms | tok/sec: 809,017 | mfu: 35.84 | epoch: 1 | total time: 0.84m
step 00308 (33.19%) | loss: 1.264902 | lrm: 1.00 | dt: 181.08ms | tok/sec: 723,815 | mfu: 32.07 | epoch: 1 | total time: 0.85m
step 00309 (33.30%) | loss: 1.256822 | lrm: 1.00 | dt: 158.95ms | tok/sec: 824,590 | mfu: 36.53 | epoch: 1 | total time: 0.85m
step 00310 (33.41%) | loss: 1.269022 | lrm: 1.00 | dt: 180.90ms | tok/sec: 724,547 | mfu: 32.10 | epoch: 1 | total time: 0.85m
step 00311 (33.52%) | loss: 1.262906 | lrm: 1.00 | dt: 159.68ms | tok/sec: 820,848 | mfu: 36.37 | epoch: 1 | total time: 0.85m
step 00312 (33.63%) | loss: 1.304852 | lrm: 1.00 | dt: 178.29ms | tok/sec: 735,161 | mfu: 32.57 | epoch: 1 | total time: 0.86m
step 00313 (33.74%) | loss: 1.274324 | lrm: 1.00 | dt: 165.39ms | tok/sec: 792,518 | mfu: 35.11 | epoch: 1 | total time: 0.86m
step 00314 (33.84%) | loss: 1.252803 | lrm: 1.00 | dt: 173.81ms | tok/sec: 754,123 | mfu: 33.41 | epoch: 1 | total time: 0.86m
step 00315 (33.96%) | loss: 1.232988 | lrm: 1.00 | dt: 166.85ms | tok/sec: 785,569 | mfu: 34.81 | epoch: 1 | total time: 0.87m
step 00316 (34.06%) | loss: 1.230713 | lrm: 1.00 | dt: 170.82ms | tok/sec: 767,330 | mfu: 34.00 | epoch: 1 | total time: 0.87m
step 00317 (34.17%) | loss: 1.293190 | lrm: 1.00 | dt: 171.81ms | tok/sec: 762,897 | mfu: 33.80 | epoch: 1 | total time: 0.87m
step 00318 (34.28%) | loss: 1.288401 | lrm: 1.00 | dt: 164.78ms | tok/sec: 795,443 | mfu: 35.24 | epoch: 1 | total time: 0.87m
step 00319 (34.38%) | loss: 1.302374 | lrm: 1.00 | dt: 175.79ms | tok/sec: 745,629 | mfu: 33.04 | epoch: 1 | total time: 0.88m
step 00320 (34.49%) | loss: 1.373961 | lrm: 1.00 | dt: 163.50ms | tok/sec: 801,686 | mfu: 35.52 | epoch: 1 | total time: 0.88m
step 00321 (34.60%) | loss: 1.388424 | lrm: 1.00 | dt: 181.19ms | tok/sec: 723,415 | mfu: 32.05 | epoch: 1 | total time: 0.88m
step 00322 (34.71%) | loss: 1.370005 | lrm: 1.00 | dt: 160.76ms | tok/sec: 815,326 | mfu: 36.12 | epoch: 1 | total time: 0.89m
step 00323 (34.81%) | loss: 1.338499 | lrm: 1.00 | dt: 180.10ms | tok/sec: 727,766 | mfu: 32.24 | epoch: 1 | total time: 0.89m
step 00324 (34.92%) | loss: 1.343008 | lrm: 1.00 | dt: 159.56ms | tok/sec: 821,445 | mfu: 36.40 | epoch: 1 | total time: 0.89m
step 00325 (35.03%) | loss: 1.378629 | lrm: 1.00 | dt: 182.95ms | tok/sec: 716,431 | mfu: 31.74 | epoch: 1 | total time: 0.89m
step 00326 (35.14%) | loss: 1.431100 | lrm: 1.00 | dt: 163.06ms | tok/sec: 803,837 | mfu: 35.62 | epoch: 1 | total time: 0.90m
step 00327 (35.25%) | loss: 1.422708 | lrm: 1.00 | dt: 177.34ms | tok/sec: 739,092 | mfu: 32.75 | epoch: 1 | total time: 0.90m
step 00328 (35.36%) | loss: 1.416151 | lrm: 1.00 | dt: 165.36ms | tok/sec: 792,631 | mfu: 35.12 | epoch: 1 | total time: 0.90m
step 00329 (35.46%) | loss: 1.368336 | lrm: 1.00 | dt: 174.93ms | tok/sec: 749,303 | mfu: 33.20 | epoch: 1 | total time: 0.91m
step 00330 (35.57%) | loss: 1.372240 | lrm: 1.00 | dt: 169.48ms | tok/sec: 773,380 | mfu: 34.27 | epoch: 1 | total time: 0.91m
step 00331 (35.68%) | loss: 1.304136 | lrm: 1.00 | dt: 169.76ms | tok/sec: 772,090 | mfu: 34.21 | epoch: 1 | total time: 0.91m
step 00332 (35.79%) | loss: 1.298032 | lrm: 1.00 | dt: 171.49ms | tok/sec: 764,300 | mfu: 33.86 | epoch: 1 | total time: 0.91m
step 00333 (35.90%) | loss: 1.257118 | lrm: 1.00 | dt: 169.30ms | tok/sec: 774,198 | mfu: 34.30 | epoch: 1 | total time: 0.92m
step 00334 (36.00%) | loss: 1.277117 | lrm: 1.00 | dt: 174.59ms | tok/sec: 750,747 | mfu: 33.26 | epoch: 1 | total time: 0.92m
step 00335 (36.11%) | loss: 1.273478 | lrm: 1.00 | dt: 162.59ms | tok/sec: 806,131 | mfu: 35.72 | epoch: 1 | total time: 0.92m
step 00336 (36.22%) | loss: 1.224537 | lrm: 1.00 | dt: 183.82ms | tok/sec: 713,045 | mfu: 31.59 | epoch: 1 | total time: 0.93m
step 00337 (36.33%) | loss: 1.242873 | lrm: 1.00 | dt: 165.18ms | tok/sec: 793,506 | mfu: 35.16 | epoch: 1 | total time: 0.93m
step 00338 (36.44%) | loss: 1.244391 | lrm: 1.00 | dt: 182.83ms | tok/sec: 716,921 | mfu: 31.76 | epoch: 1 | total time: 0.93m
step 00339 (36.55%) | loss: 1.235170 | lrm: 1.00 | dt: 158.43ms | tok/sec: 827,300 | mfu: 36.65 | epoch: 1 | total time: 0.93m
step 00340 (36.65%) | loss: 1.274697 | lrm: 1.00 | dt: 179.08ms | tok/sec: 731,939 | mfu: 32.43 | epoch: 1 | total time: 0.94m
step 00341 (36.76%) | loss: 1.282202 | lrm: 1.00 | dt: 162.70ms | tok/sec: 805,586 | mfu: 35.69 | epoch: 1 | total time: 0.94m
step 00342 (36.87%) | loss: 1.263260 | lrm: 1.00 | dt: 180.43ms | tok/sec: 726,437 | mfu: 32.19 | epoch: 1 | total time: 0.94m
step 00343 (36.97%) | loss: 1.249042 | lrm: 1.00 | dt: 162.35ms | tok/sec: 807,318 | mfu: 35.77 | epoch: 1 | total time: 0.95m
step 00344 (37.09%) | loss: 1.237993 | lrm: 1.00 | dt: 175.13ms | tok/sec: 748,438 | mfu: 33.16 | epoch: 1 | total time: 0.95m
step 00345 (37.19%) | loss: 1.263507 | lrm: 1.00 | dt: 167.70ms | tok/sec: 781,564 | mfu: 34.63 | epoch: 1 | total time: 0.95m
step 00346 (37.30%) | loss: 1.305679 | lrm: 1.00 | dt: 173.61ms | tok/sec: 754,995 | mfu: 33.45 | epoch: 1 | total time: 0.95m
step 00347 (37.41%) | loss: 1.260848 | lrm: 1.00 | dt: 172.05ms | tok/sec: 761,811 | mfu: 33.75 | epoch: 1 | total time: 0.96m
step 00348 (37.52%) | loss: 1.238138 | lrm: 1.00 | dt: 168.50ms | tok/sec: 777,869 | mfu: 34.46 | epoch: 1 | total time: 0.96m
step 00349 (37.62%) | loss: 1.219889 | lrm: 1.00 | dt: 172.16ms | tok/sec: 761,347 | mfu: 33.73 | epoch: 1 | total time: 0.96m
step 00350 (37.73%) | loss: 1.218030 | lrm: 1.00 | dt: 166.10ms | tok/sec: 789,134 | mfu: 34.96 | epoch: 1 | total time: 0.97m
Step 00350 | Validation bpb: 1.0262
step 00351 (37.84%) | loss: 1.166953 | lrm: 1.00 | dt: 172.15ms | tok/sec: 761,371 | mfu: 33.73 | epoch: 1 | total time: 0.97m
step 00352 (37.95%) | loss: 1.215661 | lrm: 1.00 | dt: 178.80ms | tok/sec: 733,084 | mfu: 32.48 | epoch: 1 | total time: 0.97m
step 00353 (38.06%) | loss: 1.212396 | lrm: 1.00 | dt: 162.95ms | tok/sec: 804,390 | mfu: 35.64 | epoch: 1 | total time: 0.97m
step 00354 (38.17%) | loss: 1.207770 | lrm: 1.00 | dt: 181.78ms | tok/sec: 721,058 | mfu: 31.95 | epoch: 1 | total time: 0.98m
step 00355 (38.28%) | loss: 1.155747 | lrm: 1.00 | dt: 158.95ms | tok/sec: 824,619 | mfu: 36.54 | epoch: 1 | total time: 0.98m
step 00356 (38.38%) | loss: 1.171140 | lrm: 1.00 | dt: 180.92ms | tok/sec: 724,470 | mfu: 32.10 | epoch: 1 | total time: 0.98m
step 00357 (38.49%) | loss: 1.173780 | lrm: 1.00 | dt: 159.51ms | tok/sec: 821,698 | mfu: 36.41 | epoch: 1 | total time: 0.99m
step 00358 (38.59%) | loss: 1.194097 | lrm: 1.00 | dt: 182.19ms | tok/sec: 719,432 | mfu: 31.88 | epoch: 1 | total time: 0.99m
step 00359 (38.70%) | loss: 1.181641 | lrm: 1.00 | dt: 160.83ms | tok/sec: 814,950 | mfu: 36.11 | epoch: 1 | total time: 0.99m
step 00360 (38.81%) | loss: 1.189545 | lrm: 1.00 | dt: 176.81ms | tok/sec: 741,314 | mfu: 32.84 | epoch: 1 | total time: 0.99m
step 00361 (38.92%) | loss: 1.173688 | lrm: 1.00 | dt: 165.10ms | tok/sec: 793,896 | mfu: 35.17 | epoch: 1 | total time: 1.00m
step 00362 (39.03%) | loss: 1.215459 | lrm: 1.00 | dt: 171.75ms | tok/sec: 763,155 | mfu: 33.81 | epoch: 1 | total time: 1.00m
step 00363 (39.14%) | loss: 1.224824 | lrm: 1.00 | dt: 171.86ms | tok/sec: 762,653 | mfu: 33.79 | epoch: 1 | total time: 1.00m
step 00364 (39.24%) | loss: 1.203804 | lrm: 1.00 | dt: 167.92ms | tok/sec: 780,568 | mfu: 34.58 | epoch: 1 | total time: 1.01m
step 00365 (39.36%) | loss: 1.214312 | lrm: 1.00 | dt: 172.11ms | tok/sec: 761,547 | mfu: 33.74 | epoch: 1 | total time: 1.01m
step 00366 (39.46%) | loss: 1.234892 | lrm: 1.00 | dt: 167.82ms | tok/sec: 781,042 | mfu: 34.61 | epoch: 1 | total time: 1.01m
step 00367 (39.57%) | loss: 1.233721 | lrm: 1.00 | dt: 176.19ms | tok/sec: 743,904 | mfu: 32.96 | epoch: 1 | total time: 1.01m
step 00368 (39.68%) | loss: 1.250435 | lrm: 1.00 | dt: 164.50ms | tok/sec: 796,791 | mfu: 35.30 | epoch: 1 | total time: 1.02m
step 00369 (39.79%) | loss: 1.283199 | lrm: 1.00 | dt: 179.42ms | tok/sec: 730,534 | mfu: 32.37 | epoch: 1 | total time: 1.02m
step 00370 (39.90%) | loss: 1.283406 | lrm: 1.00 | dt: 160.17ms | tok/sec: 818,309 | mfu: 36.26 | epoch: 1 | total time: 1.02m
step 00371 (40.01%) | loss: 1.268982 | lrm: 1.00 | dt: 182.92ms | tok/sec: 716,547 | mfu: 31.75 | epoch: 1 | total time: 1.03m
step 00372 (40.12%) | loss: 1.251409 | lrm: 1.00 | dt: 161.13ms | tok/sec: 813,429 | mfu: 36.04 | epoch: 1 | total time: 1.03m
step 00373 (40.23%) | loss: 1.195639 | lrm: 1.00 | dt: 181.92ms | tok/sec: 720,493 | mfu: 31.92 | epoch: 1 | total time: 1.03m
step 00374 (40.34%) | loss: 1.177745 | lrm: 1.00 | dt: 159.95ms | tok/sec: 819,466 | mfu: 36.31 | epoch: 1 | total time: 1.03m
step 00375 (40.45%) | loss: 1.186078 | lrm: 1.00 | dt: 176.91ms | tok/sec: 740,900 | mfu: 32.83 | epoch: 1 | total time: 1.04m
step 00376 (40.56%) | loss: 1.179440 | lrm: 1.00 | dt: 167.65ms | tok/sec: 781,827 | mfu: 34.64 | epoch: 1 | total time: 1.04m
step 00377 (40.67%) | loss: 1.214797 | lrm: 1.00 | dt: 173.47ms | tok/sec: 755,583 | mfu: 33.48 | epoch: 1 | total time: 1.04m
step 00378 (40.78%) | loss: 1.249546 | lrm: 1.00 | dt: 168.39ms | tok/sec: 778,372 | mfu: 34.49 | epoch: 1 | total time: 1.05m
step 00379 (40.89%) | loss: 1.255472 | lrm: 1.00 | dt: 171.98ms | tok/sec: 762,139 | mfu: 33.77 | epoch: 1 | total time: 1.05m
step 00380 (41.00%) | loss: 1.235351 | lrm: 1.00 | dt: 173.68ms | tok/sec: 754,661 | mfu: 33.44 | epoch: 1 | total time: 1.05m
step 00381 (41.10%) | loss: 1.265601 | lrm: 1.00 | dt: 165.11ms | tok/sec: 793,862 | mfu: 35.17 | epoch: 1 | total time: 1.05m
step 00382 (41.21%) | loss: 1.274527 | lrm: 1.00 | dt: 177.27ms | tok/sec: 739,372 | mfu: 32.76 | epoch: 1 | total time: 1.06m
step 00383 (41.32%) | loss: 1.268161 | lrm: 1.00 | dt: 164.04ms | tok/sec: 799,047 | mfu: 35.40 | epoch: 1 | total time: 1.06m
step 00384 (41.43%) | loss: 1.294777 | lrm: 1.00 | dt: 180.18ms | tok/sec: 727,457 | mfu: 32.23 | epoch: 1 | total time: 1.06m
step 00385 (41.53%) | loss: 1.365769 | lrm: 1.00 | dt: 158.21ms | tok/sec: 828,454 | mfu: 36.71 | epoch: 1 | total time: 1.06m
step 00386 (41.64%) | loss: 1.359789 | lrm: 1.00 | dt: 183.78ms | tok/sec: 713,193 | mfu: 31.60 | epoch: 1 | total time: 1.07m
step 00387 (41.75%) | loss: 1.325921 | lrm: 1.00 | dt: 158.47ms | tok/sec: 827,115 | mfu: 36.65 | epoch: 1 | total time: 1.07m
step 00388 (41.86%) | loss: 1.324224 | lrm: 1.00 | dt: 185.91ms | tok/sec: 705,022 | mfu: 31.24 | epoch: 1 | total time: 1.07m
step 00389 (41.97%) | loss: 1.260897 | lrm: 1.00 | dt: 160.00ms | tok/sec: 819,187 | mfu: 36.30 | epoch: 1 | total time: 1.08m
step 00390 (42.07%) | loss: 1.222811 | lrm: 1.00 | dt: 178.56ms | tok/sec: 734,049 | mfu: 32.52 | epoch: 1 | total time: 1.08m
step 00391 (42.18%) | loss: 1.218634 | lrm: 1.00 | dt: 163.88ms | tok/sec: 799,815 | mfu: 35.44 | epoch: 1 | total time: 1.08m
step 00392 (42.29%) | loss: 1.213683 | lrm: 1.00 | dt: 175.88ms | tok/sec: 745,247 | mfu: 33.02 | epoch: 1 | total time: 1.08m
step 00393 (42.39%) | loss: 1.215590 | lrm: 1.00 | dt: 171.76ms | tok/sec: 763,113 | mfu: 33.81 | epoch: 1 | total time: 1.09m
step 00394 (42.50%) | loss: 1.223217 | lrm: 1.00 | dt: 174.09ms | tok/sec: 752,900 | mfu: 33.36 | epoch: 1 | total time: 1.09m
step 00395 (42.60%) | loss: 1.248910 | lrm: 1.00 | dt: 167.81ms | tok/sec: 781,088 | mfu: 34.61 | epoch: 1 | total time: 1.09m
step 00396 (42.71%) | loss: 1.231317 | lrm: 1.00 | dt: 172.12ms | tok/sec: 761,527 | mfu: 33.74 | epoch: 1 | total time: 1.10m
step 00397 (42.82%) | loss: 1.216255 | lrm: 1.00 | dt: 173.53ms | tok/sec: 755,339 | mfu: 33.47 | epoch: 1 | total time: 1.10m
step 00398 (42.93%) | loss: 1.198808 | lrm: 1.00 | dt: 165.08ms | tok/sec: 793,975 | mfu: 35.18 | epoch: 1 | total time: 1.10m
step 00399 (43.04%) | loss: 1.188146 | lrm: 1.00 | dt: 175.89ms | tok/sec: 745,189 | mfu: 33.02 | epoch: 1 | total time: 1.10m
step 00400 (43.15%) | loss: 1.179128 | lrm: 1.00 | dt: 166.72ms | tok/sec: 786,189 | mfu: 34.83 | epoch: 1 | total time: 1.11m
Step 00400 | Validation bpb: 1.0217
step 00401 (43.26%) | loss: 1.196693 | lrm: 1.00 | dt: 164.37ms | tok/sec: 797,405 | mfu: 35.33 | epoch: 1 | total time: 1.11m
step 00402 (43.37%) | loss: 1.221881 | lrm: 1.00 | dt: 177.50ms | tok/sec: 738,428 | mfu: 32.72 | epoch: 1 | total time: 1.11m
step 00403 (43.48%) | loss: 1.207472 | lrm: 1.00 | dt: 160.73ms | tok/sec: 815,499 | mfu: 36.13 | epoch: 1 | total time: 1.12m
step 00404 (43.59%) | loss: 1.184792 | lrm: 1.00 | dt: 181.53ms | tok/sec: 722,039 | mfu: 31.99 | epoch: 1 | total time: 1.12m
step 00405 (43.70%) | loss: 1.196041 | lrm: 1.00 | dt: 161.63ms | tok/sec: 810,928 | mfu: 35.93 | epoch: 1 | total time: 1.12m
step 00406 (43.80%) | loss: 1.171468 | lrm: 1.00 | dt: 179.13ms | tok/sec: 731,707 | mfu: 32.42 | epoch: 1 | total time: 1.12m
step 00407 (43.91%) | loss: 1.151929 | lrm: 1.00 | dt: 159.23ms | tok/sec: 823,159 | mfu: 36.47 | epoch: 1 | total time: 1.13m
step 00408 (44.01%) | loss: 1.119425 | lrm: 1.00 | dt: 180.35ms | tok/sec: 726,753 | mfu: 32.20 | epoch: 1 | total time: 1.13m
step 00409 (44.12%) | loss: 1.143201 | lrm: 1.00 | dt: 162.76ms | tok/sec: 805,333 | mfu: 35.68 | epoch: 1 | total time: 1.13m
step 00410 (44.23%) | loss: 1.156287 | lrm: 1.00 | dt: 177.76ms | tok/sec: 737,348 | mfu: 32.67 | epoch: 1 | total time: 1.14m
step 00411 (44.34%) | loss: 1.189426 | lrm: 1.00 | dt: 164.62ms | tok/sec: 796,200 | mfu: 35.28 | epoch: 1 | total time: 1.14m
step 00412 (44.45%) | loss: 1.156553 | lrm: 1.00 | dt: 174.25ms | tok/sec: 752,207 | mfu: 33.33 | epoch: 1 | total time: 1.14m
step 00413 (44.56%) | loss: 1.161086 | lrm: 1.00 | dt: 171.63ms | tok/sec: 763,681 | mfu: 33.84 | epoch: 1 | total time: 1.14m
step 00414 (44.67%) | loss: 1.165840 | lrm: 1.00 | dt: 170.01ms | tok/sec: 770,948 | mfu: 34.16 | epoch: 1 | total time: 1.15m
step 00415 (44.77%) | loss: 1.145770 | lrm: 1.00 | dt: 173.33ms | tok/sec: 756,178 | mfu: 33.50 | epoch: 1 | total time: 1.15m
step 00416 (44.89%) | loss: 1.139941 | lrm: 1.00 | dt: 170.38ms | tok/sec: 769,301 | mfu: 34.08 | epoch: 1 | total time: 1.15m
step 00417 (44.99%) | loss: 1.114026 | lrm: 1.00 | dt: 175.43ms | tok/sec: 747,156 | mfu: 33.10 | epoch: 1 | total time: 1.16m
step 00418 (45.10%) | loss: 1.125365 | lrm: 1.00 | dt: 164.28ms | tok/sec: 797,833 | mfu: 35.35 | epoch: 1 | total time: 1.16m
step 00419 (45.21%) | loss: 1.148665 | lrm: 1.00 | dt: 176.41ms | tok/sec: 743,005 | mfu: 32.92 | epoch: 1 | total time: 1.16m
step 00420 (45.31%) | loss: 1.138706 | lrm: 1.00 | dt: 162.09ms | tok/sec: 808,620 | mfu: 35.83 | epoch: 1 | total time: 1.16m
step 00421 (45.42%) | loss: 1.147077 | lrm: 1.00 | dt: 180.96ms | tok/sec: 724,294 | mfu: 32.09 | epoch: 1 | total time: 1.17m
step 00422 (45.53%) | loss: 1.233670 | lrm: 1.00 | dt: 159.92ms | tok/sec: 819,623 | mfu: 36.31 | epoch: 1 | total time: 1.17m
step 00423 (45.63%) | loss: 1.281322 | lrm: 1.00 | dt: 182.03ms | tok/sec: 720,068 | mfu: 31.90 | epoch: 1 | total time: 1.17m
step 00424 (45.74%) | loss: 1.281855 | lrm: 1.00 | dt: 158.48ms | tok/sec: 827,054 | mfu: 36.64 | epoch: 1 | total time: 1.18m
step 00425 (45.85%) | loss: 1.254970 | lrm: 1.00 | dt: 181.79ms | tok/sec: 721,027 | mfu: 31.95 | epoch: 1 | total time: 1.18m
step 00426 (45.95%) | loss: 1.264623 | lrm: 1.00 | dt: 161.59ms | tok/sec: 811,137 | mfu: 35.94 | epoch: 1 | total time: 1.18m
step 00427 (46.06%) | loss: 1.264429 | lrm: 1.00 | dt: 176.02ms | tok/sec: 744,653 | mfu: 32.99 | epoch: 1 | total time: 1.18m
step 00428 (46.17%) | loss: 1.235584 | lrm: 1.00 | dt: 165.22ms | tok/sec: 793,298 | mfu: 35.15 | epoch: 1 | total time: 1.19m
step 00429 (46.28%) | loss: 1.222704 | lrm: 1.00 | dt: 175.74ms | tok/sec: 745,818 | mfu: 33.04 | epoch: 1 | total time: 1.19m
step 00430 (46.39%) | loss: 1.170088 | lrm: 1.00 | dt: 169.06ms | tok/sec: 775,290 | mfu: 34.35 | epoch: 1 | total time: 1.19m
step 00431 (46.49%) | loss: 1.212932 | lrm: 1.00 | dt: 170.15ms | tok/sec: 770,336 | mfu: 34.13 | epoch: 1 | total time: 1.20m
step 00432 (46.60%) | loss: 1.212906 | lrm: 1.00 | dt: 171.63ms | tok/sec: 763,679 | mfu: 33.84 | epoch: 1 | total time: 1.20m
step 00433 (46.71%) | loss: 1.201122 | lrm: 1.00 | dt: 167.08ms | tok/sec: 784,503 | mfu: 34.76 | epoch: 1 | total time: 1.20m
step 00434 (46.81%) | loss: 1.267277 | lrm: 1.00 | dt: 177.04ms | tok/sec: 740,337 | mfu: 32.80 | epoch: 1 | total time: 1.20m
step 00435 (46.92%) | loss: 1.244878 | lrm: 1.00 | dt: 165.29ms | tok/sec: 792,994 | mfu: 35.13 | epoch: 1 | total time: 1.21m
step 00436 (47.04%) | loss: 1.233016 | lrm: 1.00 | dt: 177.65ms | tok/sec: 737,806 | mfu: 32.69 | epoch: 1 | total time: 1.21m
step 00437 (47.14%) | loss: 1.227241 | lrm: 1.00 | dt: 163.63ms | tok/sec: 801,019 | mfu: 35.49 | epoch: 1 | total time: 1.21m
step 00438 (47.25%) | loss: 1.219684 | lrm: 1.00 | dt: 179.78ms | tok/sec: 729,049 | mfu: 32.30 | epoch: 1 | total time: 1.22m
step 00439 (47.35%) | loss: 1.210975 | lrm: 1.00 | dt: 158.64ms | tok/sec: 826,244 | mfu: 36.61 | epoch: 1 | total time: 1.22m
step 00440 (47.46%) | loss: 1.158934 | lrm: 1.00 | dt: 180.57ms | tok/sec: 725,859 | mfu: 32.16 | epoch: 1 | total time: 1.22m
step 00441 (47.57%) | loss: 1.216755 | lrm: 1.00 | dt: 159.61ms | tok/sec: 821,217 | mfu: 36.39 | epoch: 1 | total time: 1.22m
step 00442 (47.68%) | loss: 1.217054 | lrm: 1.00 | dt: 180.96ms | tok/sec: 724,332 | mfu: 32.09 | epoch: 1 | total time: 1.23m
step 00443 (47.78%) | loss: 1.216194 | lrm: 1.00 | dt: 161.64ms | tok/sec: 810,867 | mfu: 35.93 | epoch: 1 | total time: 1.23m
step 00444 (47.89%) | loss: 1.264316 | lrm: 1.00 | dt: 176.53ms | tok/sec: 742,475 | mfu: 32.90 | epoch: 1 | total time: 1.23m
step 00445 (48.00%) | loss: 1.277454 | lrm: 1.00 | dt: 164.55ms | tok/sec: 796,545 | mfu: 35.29 | epoch: 1 | total time: 1.24m
step 00446 (48.11%) | loss: 1.276764 | lrm: 1.00 | dt: 173.56ms | tok/sec: 755,180 | mfu: 33.46 | epoch: 1 | total time: 1.24m
step 00447 (48.22%) | loss: 1.265461 | lrm: 1.00 | dt: 169.04ms | tok/sec: 775,373 | mfu: 34.35 | epoch: 1 | total time: 1.24m
step 00448 (48.33%) | loss: 1.279459 | lrm: 1.00 | dt: 171.25ms | tok/sec: 765,397 | mfu: 33.91 | epoch: 1 | total time: 1.24m
step 00449 (48.44%) | loss: 1.338868 | lrm: 1.00 | dt: 172.57ms | tok/sec: 759,526 | mfu: 33.65 | epoch: 1 | total time: 1.25m
step 00450 (48.55%) | loss: 1.289312 | lrm: 1.00 | dt: 168.29ms | tok/sec: 778,836 | mfu: 34.51 | epoch: 1 | total time: 1.25m
Step 00450 | Validation bpb: 1.0012
step 00451 (48.65%) | loss: 1.229707 | lrm: 1.00 | dt: 165.98ms | tok/sec: 789,680 | mfu: 34.99 | epoch: 1 | total time: 1.25m
step 00452 (48.76%) | loss: 1.269973 | lrm: 1.00 | dt: 174.64ms | tok/sec: 750,508 | mfu: 33.25 | epoch: 1 | total time: 1.26m
step 00453 (48.86%) | loss: 1.267342 | lrm: 1.00 | dt: 162.46ms | tok/sec: 806,787 | mfu: 35.75 | epoch: 1 | total time: 1.26m
step 00454 (48.97%) | loss: 1.282295 | lrm: 1.00 | dt: 179.85ms | tok/sec: 728,783 | mfu: 32.29 | epoch: 1 | total time: 1.26m
step 00455 (49.08%) | loss: 1.276034 | lrm: 1.00 | dt: 159.03ms | tok/sec: 824,193 | mfu: 36.52 | epoch: 1 | total time: 1.26m
step 00456 (49.18%) | loss: 1.252536 | lrm: 1.00 | dt: 180.35ms | tok/sec: 726,779 | mfu: 32.20 | epoch: 1 | total time: 1.27m
step 00457 (49.29%) | loss: 1.230791 | lrm: 1.00 | dt: 160.44ms | tok/sec: 816,965 | mfu: 36.20 | epoch: 1 | total time: 1.27m
step 00458 (49.40%) | loss: 1.245685 | lrm: 1.00 | dt: 179.67ms | tok/sec: 729,530 | mfu: 32.32 | epoch: 1 | total time: 1.27m
step 00459 (49.50%) | loss: 1.226086 | lrm: 1.00 | dt: 161.19ms | tok/sec: 813,152 | mfu: 36.03 | epoch: 1 | total time: 1.28m
step 00460 (49.61%) | loss: 1.206900 | lrm: 1.00 | dt: 176.73ms | tok/sec: 741,655 | mfu: 32.86 | epoch: 1 | total time: 1.28m
step 00461 (49.72%) | loss: 1.206180 | lrm: 1.00 | dt: 164.23ms | tok/sec: 798,083 | mfu: 35.36 | epoch: 1 | total time: 1.28m
step 00462 (49.83%) | loss: 1.186791 | lrm: 1.00 | dt: 177.53ms | tok/sec: 738,304 | mfu: 32.71 | epoch: 1 | total time: 1.28m
step 00463 (49.94%) | loss: 1.169111 | lrm: 1.00 | dt: 168.37ms | tok/sec: 778,473 | mfu: 34.49 | epoch: 1 | total time: 1.29m
step 00464 (50.05%) | loss: 1.209119 | lrm: 1.00 | dt: 170.34ms | tok/sec: 769,467 | mfu: 34.09 | epoch: 1 | total time: 1.29m
step 00465 (50.16%) | loss: 1.163004 | lrm: 1.00 | dt: 171.54ms | tok/sec: 764,105 | mfu: 33.85 | epoch: 1 | total time: 1.29m
step 00466 (50.27%) | loss: 1.182673 | lrm: 0.99 | dt: 170.21ms | tok/sec: 770,058 | mfu: 34.12 | epoch: 1 | total time: 1.30m
step 00467 (50.38%) | loss: 1.166196 | lrm: 0.99 | dt: 174.55ms | tok/sec: 750,923 | mfu: 33.27 | epoch: 1 | total time: 1.30m
step 00468 (50.49%) | loss: 1.166755 | lrm: 0.99 | dt: 164.86ms | tok/sec: 795,053 | mfu: 35.23 | epoch: 1 | total time: 1.30m
step 00469 (50.59%) | loss: 1.184034 | lrm: 0.99 | dt: 176.59ms | tok/sec: 742,250 | mfu: 32.89 | epoch: 1 | total time: 1.30m
step 00470 (50.70%) | loss: 1.179268 | lrm: 0.99 | dt: 162.66ms | tok/sec: 805,797 | mfu: 35.70 | epoch: 1 | total time: 1.31m
step 00471 (50.81%) | loss: 1.194098 | lrm: 0.98 | dt: 180.12ms | tok/sec: 727,709 | mfu: 32.24 | epoch: 1 | total time: 1.31m
step 00472 (50.92%) | loss: 1.180096 | lrm: 0.98 | dt: 160.07ms | tok/sec: 818,834 | mfu: 36.28 | epoch: 1 | total time: 1.31m
step 00473 (51.03%) | loss: 1.194124 | lrm: 0.98 | dt: 180.91ms | tok/sec: 724,498 | mfu: 32.10 | epoch: 1 | total time: 1.32m
step 00474 (51.14%) | loss: 1.195899 | lrm: 0.98 | dt: 159.40ms | tok/sec: 822,283 | mfu: 36.43 | epoch: 1 | total time: 1.32m
step 00475 (51.25%) | loss: 1.196984 | lrm: 0.98 | dt: 181.12ms | tok/sec: 723,656 | mfu: 32.06 | epoch: 1 | total time: 1.32m
step 00476 (51.35%) | loss: 1.190948 | lrm: 0.97 | dt: 162.65ms | tok/sec: 805,871 | mfu: 35.71 | epoch: 1 | total time: 1.32m
step 00477 (51.46%) | loss: 1.172771 | lrm: 0.97 | dt: 173.67ms | tok/sec: 754,738 | mfu: 33.44 | epoch: 1 | total time: 1.33m
step 00478 (51.57%) | loss: 1.197840 | lrm: 0.97 | dt: 165.77ms | tok/sec: 790,707 | mfu: 35.03 | epoch: 1 | total time: 1.33m
step 00479 (51.67%) | loss: 1.217936 | lrm: 0.97 | dt: 173.06ms | tok/sec: 757,359 | mfu: 33.56 | epoch: 1 | total time: 1.33m
step 00480 (51.78%) | loss: 1.165255 | lrm: 0.96 | dt: 171.42ms | tok/sec: 764,624 | mfu: 33.88 | epoch: 1 | total time: 1.34m
step 00481 (51.89%) | loss: 1.194286 | lrm: 0.96 | dt: 172.31ms | tok/sec: 760,693 | mfu: 33.70 | epoch: 1 | total time: 1.34m
step 00482 (52.00%) | loss: 1.204146 | lrm: 0.96 | dt: 173.21ms | tok/sec: 756,719 | mfu: 33.53 | epoch: 1 | total time: 1.34m
step 00483 (52.10%) | loss: 1.200204 | lrm: 0.96 | dt: 167.77ms | tok/sec: 781,276 | mfu: 34.62 | epoch: 1 | total time: 1.34m
step 00484 (52.21%) | loss: 1.172475 | lrm: 0.96 | dt: 178.01ms | tok/sec: 736,332 | mfu: 32.62 | epoch: 1 | total time: 1.35m
step 00485 (52.32%) | loss: 1.173575 | lrm: 0.95 | dt: 163.93ms | tok/sec: 799,579 | mfu: 35.43 | epoch: 1 | total time: 1.35m
step 00486 (52.43%) | loss: 1.224537 | lrm: 0.95 | dt: 177.91ms | tok/sec: 736,712 | mfu: 32.64 | epoch: 1 | total time: 1.35m
step 00487 (52.53%) | loss: 1.219435 | lrm: 0.95 | dt: 162.64ms | tok/sec: 805,925 | mfu: 35.71 | epoch: 1 | total time: 1.35m
step 00488 (52.64%) | loss: 1.218883 | lrm: 0.95 | dt: 183.45ms | tok/sec: 714,489 | mfu: 31.66 | epoch: 1 | total time: 1.36m
step 00489 (52.75%) | loss: 1.180123 | lrm: 0.95 | dt: 160.87ms | tok/sec: 814,745 | mfu: 36.10 | epoch: 1 | total time: 1.36m
step 00490 (52.85%) | loss: 1.175686 | lrm: 0.94 | dt: 179.42ms | tok/sec: 730,527 | mfu: 32.37 | epoch: 1 | total time: 1.36m
step 00491 (52.96%) | loss: 1.139651 | lrm: 0.94 | dt: 159.59ms | tok/sec: 821,298 | mfu: 36.39 | epoch: 1 | total time: 1.37m
step 00492 (53.07%) | loss: 1.120398 | lrm: 0.94 | dt: 182.91ms | tok/sec: 716,611 | mfu: 31.75 | epoch: 1 | total time: 1.37m
step 00493 (53.17%) | loss: 1.086314 | lrm: 0.94 | dt: 163.00ms | tok/sec: 804,135 | mfu: 35.63 | epoch: 1 | total time: 1.37m
step 00494 (53.28%) | loss: 1.094456 | lrm: 0.93 | dt: 177.65ms | tok/sec: 737,807 | mfu: 32.69 | epoch: 1 | total time: 1.38m
step 00495 (53.39%) | loss: 1.087160 | lrm: 0.93 | dt: 164.32ms | tok/sec: 797,677 | mfu: 35.34 | epoch: 1 | total time: 1.38m
step 00496 (53.50%) | loss: 1.095416 | lrm: 0.93 | dt: 177.84ms | tok/sec: 737,034 | mfu: 32.66 | epoch: 1 | total time: 1.38m
step 00497 (53.61%) | loss: 1.119408 | lrm: 0.93 | dt: 167.47ms | tok/sec: 782,645 | mfu: 34.68 | epoch: 1 | total time: 1.38m
step 00498 (53.72%) | loss: 1.153895 | lrm: 0.93 | dt: 174.13ms | tok/sec: 752,707 | mfu: 33.35 | epoch: 1 | total time: 1.39m
step 00499 (53.83%) | loss: 1.153750 | lrm: 0.92 | dt: 169.21ms | tok/sec: 774,620 | mfu: 34.32 | epoch: 1 | total time: 1.39m
step 00500 (53.94%) | loss: 1.141762 | lrm: 0.92 | dt: 171.35ms | tok/sec: 764,955 | mfu: 33.89 | epoch: 1 | total time: 1.39m
Step 00500 | Validation bpb: 0.9960
step 00501 (54.05%) | loss: 1.133156 | lrm: 0.92 | dt: 171.24ms | tok/sec: 765,442 | mfu: 33.91 | epoch: 1 | total time: 1.40m
step 00502 (54.15%) | loss: 1.162784 | lrm: 0.92 | dt: 173.09ms | tok/sec: 757,242 | mfu: 33.55 | epoch: 1 | total time: 1.40m
step 00503 (54.26%) | loss: 1.137918 | lrm: 0.91 | dt: 169.81ms | tok/sec: 771,857 | mfu: 34.20 | epoch: 1 | total time: 1.40m
step 00504 (54.37%) | loss: 1.158736 | lrm: 0.91 | dt: 174.65ms | tok/sec: 750,504 | mfu: 33.25 | epoch: 1 | total time: 1.40m
step 00505 (54.48%) | loss: 1.142695 | lrm: 0.91 | dt: 162.70ms | tok/sec: 805,610 | mfu: 35.69 | epoch: 1 | total time: 1.41m
step 00506 (54.59%) | loss: 1.133701 | lrm: 0.91 | dt: 180.38ms | tok/sec: 726,653 | mfu: 32.20 | epoch: 1 | total time: 1.41m
step 00507 (54.70%) | loss: 1.157724 | lrm: 0.91 | dt: 162.15ms | tok/sec: 808,322 | mfu: 35.81 | epoch: 1 | total time: 1.41m
step 00508 (54.80%) | loss: 1.159722 | lrm: 0.90 | dt: 182.17ms | tok/sec: 719,515 | mfu: 31.88 | epoch: 1 | total time: 1.42m
step 00509 (54.91%) | loss: 1.130114 | lrm: 0.90 | dt: 159.82ms | tok/sec: 820,106 | mfu: 36.34 | epoch: 1 | total time: 1.42m
step 00510 (55.01%) | loss: 1.090986 | lrm: 0.90 | dt: 179.01ms | tok/sec: 732,224 | mfu: 32.44 | epoch: 1 | total time: 1.42m
step 00511 (55.12%) | loss: 1.101720 | lrm: 0.90 | dt: 160.42ms | tok/sec: 817,034 | mfu: 36.20 | epoch: 1 | total time: 1.42m
step 00512 (55.23%) | loss: 1.146388 | lrm: 0.90 | dt: 178.33ms | tok/sec: 735,000 | mfu: 32.57 | epoch: 1 | total time: 1.43m
step 00513 (55.34%) | loss: 1.151385 | lrm: 0.89 | dt: 167.76ms | tok/sec: 781,290 | mfu: 34.62 | epoch: 1 | total time: 1.43m
step 00514 (55.45%) | loss: 1.174521 | lrm: 0.89 | dt: 173.54ms | tok/sec: 755,270 | mfu: 33.46 | epoch: 1 | total time: 1.43m
step 00515 (55.55%) | loss: 1.170297 | lrm: 0.89 | dt: 168.28ms | tok/sec: 778,871 | mfu: 34.51 | epoch: 1 | total time: 1.43m
step 00516 (55.66%) | loss: 1.167795 | lrm: 0.89 | dt: 171.58ms | tok/sec: 763,899 | mfu: 33.85 | epoch: 1 | total time: 1.44m
step 00517 (55.77%) | loss: 1.132094 | lrm: 0.88 | dt: 172.42ms | tok/sec: 760,178 | mfu: 33.68 | epoch: 1 | total time: 1.44m
step 00518 (55.87%) | loss: 1.136869 | lrm: 0.88 | dt: 164.97ms | tok/sec: 794,519 | mfu: 35.20 | epoch: 1 | total time: 1.44m
step 00519 (55.98%) | loss: 1.199958 | lrm: 0.88 | dt: 174.78ms | tok/sec: 749,939 | mfu: 33.23 | epoch: 1 | total time: 1.45m
step 00520 (56.09%) | loss: 1.231164 | lrm: 0.88 | dt: 164.15ms | tok/sec: 798,478 | mfu: 35.38 | epoch: 1 | total time: 1.45m
step 00521 (56.20%) | loss: 1.183157 | lrm: 0.88 | dt: 180.55ms | tok/sec: 725,963 | mfu: 32.16 | epoch: 1 | total time: 1.45m
step 00522 (56.31%) | loss: 1.171216 | lrm: 0.87 | dt: 159.08ms | tok/sec: 823,925 | mfu: 36.51 | epoch: 1 | total time: 1.45m
step 00523 (56.41%) | loss: 1.171531 | lrm: 0.87 | dt: 181.96ms | tok/sec: 720,318 | mfu: 31.91 | epoch: 1 | total time: 1.46m
step 00524 (56.52%) | loss: 1.172247 | lrm: 0.87 | dt: 159.70ms | tok/sec: 820,733 | mfu: 36.36 | epoch: 1 | total time: 1.46m
step 00525 (56.63%) | loss: 1.128965 | lrm: 0.87 | dt: 183.54ms | tok/sec: 714,117 | mfu: 31.64 | epoch: 1 | total time: 1.46m
step 00526 (56.74%) | loss: 1.160223 | lrm: 0.87 | dt: 160.95ms | tok/sec: 814,360 | mfu: 36.08 | epoch: 1 | total time: 1.47m
step 00527 (56.84%) | loss: 1.175951 | lrm: 0.86 | dt: 179.25ms | tok/sec: 731,234 | mfu: 32.40 | epoch: 1 | total time: 1.47m
step 00528 (56.95%) | loss: 1.175989 | lrm: 0.86 | dt: 161.78ms | tok/sec: 810,166 | mfu: 35.90 | epoch: 1 | total time: 1.47m
step 00529 (57.06%) | loss: 1.171786 | lrm: 0.86 | dt: 175.32ms | tok/sec: 747,606 | mfu: 33.12 | epoch: 1 | total time: 1.47m
step 00530 (57.16%) | loss: 1.161437 | lrm: 0.86 | dt: 166.10ms | tok/sec: 789,138 | mfu: 34.96 | epoch: 1 | total time: 1.48m
step 00531 (57.27%) | loss: 1.190993 | lrm: 0.85 | dt: 171.21ms | tok/sec: 765,548 | mfu: 33.92 | epoch: 1 | total time: 1.48m
step 00532 (57.38%) | loss: 1.202219 | lrm: 0.85 | dt: 167.50ms | tok/sec: 782,536 | mfu: 34.67 | epoch: 1 | total time: 1.48m
step 00533 (57.49%) | loss: 1.169013 | lrm: 0.85 | dt: 170.25ms | tok/sec: 769,859 | mfu: 34.11 | epoch: 1 | total time: 1.49m
step 00534 (57.60%) | loss: 1.129666 | lrm: 0.85 | dt: 174.93ms | tok/sec: 749,266 | mfu: 33.20 | epoch: 1 | total time: 1.49m
step 00535 (57.70%) | loss: 1.152534 | lrm: 0.85 | dt: 166.08ms | tok/sec: 789,197 | mfu: 34.97 | epoch: 1 | total time: 1.49m
step 00536 (57.81%) | loss: 1.176215 | lrm: 0.84 | dt: 175.02ms | tok/sec: 748,894 | mfu: 33.18 | epoch: 1 | total time: 1.49m
step 00537 (57.92%) | loss: 1.132738 | lrm: 0.84 | dt: 159.32ms | tok/sec: 822,671 | mfu: 36.45 | epoch: 1 | total time: 1.50m
step 00538 (58.02%) | loss: 1.137275 | lrm: 0.84 | dt: 183.42ms | tok/sec: 714,592 | mfu: 31.66 | epoch: 1 | total time: 1.50m
step 00539 (58.13%) | loss: 1.152857 | lrm: 0.84 | dt: 160.18ms | tok/sec: 818,270 | mfu: 36.25 | epoch: 1 | total time: 1.50m
step 00540 (58.25%) | loss: 1.104990 | lrm: 0.84 | dt: 179.70ms | tok/sec: 729,388 | mfu: 32.32 | epoch: 1 | total time: 1.51m
step 00541 (58.36%) | loss: 1.100256 | lrm: 0.83 | dt: 160.75ms | tok/sec: 815,402 | mfu: 36.13 | epoch: 1 | total time: 1.51m
step 00542 (58.46%) | loss: 1.107541 | lrm: 0.83 | dt: 178.82ms | tok/sec: 732,981 | mfu: 32.48 | epoch: 1 | total time: 1.51m
step 00543 (58.56%) | loss: 1.103514 | lrm: 0.83 | dt: 163.03ms | tok/sec: 803,979 | mfu: 35.62 | epoch: 1 | total time: 1.51m
step 00544 (58.67%) | loss: 1.080241 | lrm: 0.83 | dt: 177.10ms | tok/sec: 740,116 | mfu: 32.79 | epoch: 1 | total time: 1.52m
step 00545 (58.78%) | loss: 1.074331 | lrm: 0.82 | dt: 163.93ms | tok/sec: 799,569 | mfu: 35.43 | epoch: 1 | total time: 1.52m
step 00546 (58.89%) | loss: 1.089457 | lrm: 0.82 | dt: 172.76ms | tok/sec: 758,712 | mfu: 33.62 | epoch: 1 | total time: 1.52m
step 00547 (59.00%) | loss: 1.086558 | lrm: 0.82 | dt: 171.50ms | tok/sec: 764,283 | mfu: 33.86 | epoch: 1 | total time: 1.53m
step 00548 (59.11%) | loss: 1.092361 | lrm: 0.82 | dt: 169.30ms | tok/sec: 774,193 | mfu: 34.30 | epoch: 1 | total time: 1.53m
step 00549 (59.21%) | loss: 1.100936 | lrm: 0.82 | dt: 169.88ms | tok/sec: 771,574 | mfu: 34.19 | epoch: 1 | total time: 1.53m
step 00550 (59.32%) | loss: 1.049654 | lrm: 0.81 | dt: 166.52ms | tok/sec: 787,131 | mfu: 34.87 | epoch: 1 | total time: 1.53m
Step 00550 | Validation bpb: 0.9769
step 00551 (59.43%) | loss: 1.057096 | lrm: 0.81 | dt: 167.92ms | tok/sec: 780,566 | mfu: 34.58 | epoch: 1 | total time: 1.54m
step 00552 (59.54%) | loss: 1.098851 | lrm: 0.81 | dt: 175.06ms | tok/sec: 748,734 | mfu: 33.17 | epoch: 1 | total time: 1.54m
step 00553 (59.64%) | loss: 1.082475 | lrm: 0.81 | dt: 165.06ms | tok/sec: 794,081 | mfu: 35.18 | epoch: 1 | total time: 1.54m
step 00554 (59.76%) | loss: 1.099177 | lrm: 0.80 | dt: 179.45ms | tok/sec: 730,429 | mfu: 32.36 | epoch: 1 | total time: 1.55m
step 00555 (59.87%) | loss: 1.074264 | lrm: 0.80 | dt: 159.15ms | tok/sec: 823,562 | mfu: 36.49 | epoch: 1 | total time: 1.55m
step 00556 (59.98%) | loss: 1.067912 | lrm: 0.80 | dt: 181.42ms | tok/sec: 722,488 | mfu: 32.01 | epoch: 1 | total time: 1.55m
step 00557 (60.09%) | loss: 1.067125 | lrm: 0.80 | dt: 158.98ms | tok/sec: 824,439 | mfu: 36.53 | epoch: 1 | total time: 1.55m
step 00558 (60.20%) | loss: 1.048231 | lrm: 0.80 | dt: 182.98ms | tok/sec: 716,308 | mfu: 31.74 | epoch: 1 | total time: 1.56m
step 00559 (60.30%) | loss: 1.046389 | lrm: 0.79 | dt: 160.40ms | tok/sec: 817,168 | mfu: 36.21 | epoch: 1 | total time: 1.56m
step 00560 (60.41%) | loss: 1.049919 | lrm: 0.79 | dt: 177.12ms | tok/sec: 740,017 | mfu: 32.79 | epoch: 1 | total time: 1.56m
step 00561 (60.51%) | loss: 1.060128 | lrm: 0.79 | dt: 161.15ms | tok/sec: 813,376 | mfu: 36.04 | epoch: 1 | total time: 1.57m
step 00562 (60.62%) | loss: 1.044260 | lrm: 0.79 | dt: 176.50ms | tok/sec: 742,603 | mfu: 32.90 | epoch: 1 | total time: 1.57m
step 00563 (60.73%) | loss: 1.042828 | lrm: 0.79 | dt: 166.14ms | tok/sec: 788,905 | mfu: 34.95 | epoch: 1 | total time: 1.57m
step 00564 (60.83%) | loss: 1.060018 | lrm: 0.78 | dt: 171.24ms | tok/sec: 765,418 | mfu: 33.91 | epoch: 1 | total time: 1.57m
step 00565 (60.94%) | loss: 1.014664 | lrm: 0.78 | dt: 168.16ms | tok/sec: 779,447 | mfu: 34.53 | epoch: 1 | total time: 1.58m
step 00566 (61.05%) | loss: 1.071469 | lrm: 0.78 | dt: 172.17ms | tok/sec: 761,313 | mfu: 33.73 | epoch: 1 | total time: 1.58m
step 00567 (61.16%) | loss: 1.065875 | lrm: 0.78 | dt: 174.07ms | tok/sec: 752,963 | mfu: 33.36 | epoch: 1 | total time: 1.58m
step 00568 (61.27%) | loss: 1.076504 | lrm: 0.77 | dt: 166.92ms | tok/sec: 785,215 | mfu: 34.79 | epoch: 1 | total time: 1.59m
step 00569 (61.38%) | loss: 1.051608 | lrm: 0.77 | dt: 176.08ms | tok/sec: 744,373 | mfu: 32.98 | epoch: 1 | total time: 1.59m
step 00570 (61.49%) | loss: 1.063529 | lrm: 0.77 | dt: 163.22ms | tok/sec: 803,016 | mfu: 35.58 | epoch: 1 | total time: 1.59m
step 00571 (61.59%) | loss: 1.066341 | lrm: 0.77 | dt: 179.00ms | tok/sec: 732,247 | mfu: 32.44 | epoch: 1 | total time: 1.59m
step 00572 (61.70%) | loss: 1.070815 | lrm: 0.77 | dt: 160.05ms | tok/sec: 818,953 | mfu: 36.28 | epoch: 1 | total time: 1.60m
step 00573 (61.80%) | loss: 1.075115 | lrm: 0.76 | dt: 181.96ms | tok/sec: 720,345 | mfu: 31.92 | epoch: 1 | total time: 1.60m
step 00574 (61.91%) | loss: 1.080422 | lrm: 0.76 | dt: 159.16ms | tok/sec: 823,542 | mfu: 36.49 | epoch: 1 | total time: 1.60m
step 00575 (62.02%) | loss: 1.073453 | lrm: 0.76 | dt: 182.36ms | tok/sec: 718,750 | mfu: 31.85 | epoch: 1 | total time: 1.61m
step 00576 (62.12%) | loss: 1.040769 | lrm: 0.76 | dt: 159.28ms | tok/sec: 822,899 | mfu: 36.46 | epoch: 1 | total time: 1.61m
step 00577 (62.23%) | loss: 1.047328 | lrm: 0.76 | dt: 180.11ms | tok/sec: 727,745 | mfu: 32.24 | epoch: 1 | total time: 1.61m
step 00578 (62.34%) | loss: 1.048284 | lrm: 0.75 | dt: 161.35ms | tok/sec: 812,328 | mfu: 35.99 | epoch: 1 | total time: 1.61m
step 00579 (62.44%) | loss: 1.037127 | lrm: 0.75 | dt: 180.52ms | tok/sec: 726,073 | mfu: 32.17 | epoch: 1 | total time: 1.62m
step 00580 (62.55%) | loss: 1.043840 | lrm: 0.75 | dt: 164.47ms | tok/sec: 796,940 | mfu: 35.31 | epoch: 1 | total time: 1.62m
step 00581 (62.65%) | loss: 1.028878 | lrm: 0.75 | dt: 172.05ms | tok/sec: 761,843 | mfu: 33.75 | epoch: 1 | total time: 1.62m
step 00582 (62.76%) | loss: 1.026330 | lrm: 0.74 | dt: 168.58ms | tok/sec: 777,511 | mfu: 34.45 | epoch: 1 | total time: 1.63m
step 00583 (62.86%) | loss: 1.026801 | lrm: 0.74 | dt: 169.64ms | tok/sec: 772,638 | mfu: 34.23 | epoch: 1 | total time: 1.63m
step 00584 (62.97%) | loss: 1.025440 | lrm: 0.74 | dt: 170.73ms | tok/sec: 767,702 | mfu: 34.01 | epoch: 1 | total time: 1.63m
step 00585 (63.08%) | loss: 1.011376 | lrm: 0.74 | dt: 166.66ms | tok/sec: 786,455 | mfu: 34.84 | epoch: 1 | total time: 1.63m
step 00586 (63.18%) | loss: 1.026899 | lrm: 0.74 | dt: 172.58ms | tok/sec: 759,481 | mfu: 33.65 | epoch: 1 | total time: 1.64m
step 00587 (63.29%) | loss: 0.992846 | lrm: 0.73 | dt: 164.74ms | tok/sec: 795,642 | mfu: 35.25 | epoch: 1 | total time: 1.64m
step 00588 (63.39%) | loss: 1.012277 | lrm: 0.73 | dt: 178.62ms | tok/sec: 733,792 | mfu: 32.51 | epoch: 1 | total time: 1.64m
step 00589 (63.50%) | loss: 1.030231 | lrm: 0.73 | dt: 159.13ms | tok/sec: 823,686 | mfu: 36.49 | epoch: 1 | total time: 1.64m
step 00590 (63.61%) | loss: 1.031140 | lrm: 0.73 | dt: 179.29ms | tok/sec: 731,041 | mfu: 32.39 | epoch: 1 | total time: 1.65m
step 00591 (63.71%) | loss: 1.016500 | lrm: 0.73 | dt: 159.53ms | tok/sec: 821,593 | mfu: 36.40 | epoch: 1 | total time: 1.65m
step 00592 (63.82%) | loss: 0.990597 | lrm: 0.72 | dt: 177.41ms | tok/sec: 738,822 | mfu: 32.73 | epoch: 1 | total time: 1.65m
step 00593 (63.93%) | loss: 1.016681 | lrm: 0.72 | dt: 163.84ms | tok/sec: 799,997 | mfu: 35.44 | epoch: 1 | total time: 1.66m
step 00594 (64.04%) | loss: 1.010828 | lrm: 0.72 | dt: 175.92ms | tok/sec: 745,084 | mfu: 33.01 | epoch: 1 | total time: 1.66m
step 00595 (64.15%) | loss: 1.030641 | lrm: 0.72 | dt: 163.74ms | tok/sec: 800,474 | mfu: 35.47 | epoch: 1 | total time: 1.66m
step 00596 (64.26%) | loss: 1.044386 | lrm: 0.71 | dt: 173.82ms | tok/sec: 754,079 | mfu: 33.41 | epoch: 1 | total time: 1.66m
step 00597 (64.37%) | loss: 1.020916 | lrm: 0.71 | dt: 168.97ms | tok/sec: 775,707 | mfu: 34.37 | epoch: 1 | total time: 1.67m
step 00598 (64.47%) | loss: 1.009780 | lrm: 0.71 | dt: 169.75ms | tok/sec: 772,159 | mfu: 34.21 | epoch: 1 | total time: 1.67m
step 00599 (64.58%) | loss: 1.031639 | lrm: 0.71 | dt: 169.30ms | tok/sec: 774,179 | mfu: 34.30 | epoch: 1 | total time: 1.67m
step 00600 (64.69%) | loss: 1.044033 | lrm: 0.71 | dt: 168.66ms | tok/sec: 777,115 | mfu: 34.43 | epoch: 1 | total time: 1.68m
Step 00600 | Validation bpb: 0.9648
step 00601 (64.80%) | loss: 1.018577 | lrm: 0.70 | dt: 166.15ms | tok/sec: 788,888 | mfu: 34.95 | epoch: 1 | total time: 1.68m
step 00602 (64.90%) | loss: 1.051992 | lrm: 0.70 | dt: 173.38ms | tok/sec: 755,961 | mfu: 33.49 | epoch: 1 | total time: 1.68m
step 00603 (65.01%) | loss: 1.030971 | lrm: 0.70 | dt: 162.92ms | tok/sec: 804,537 | mfu: 35.65 | epoch: 1 | total time: 1.68m
step 00604 (65.12%) | loss: 1.022859 | lrm: 0.70 | dt: 180.17ms | tok/sec: 727,482 | mfu: 32.23 | epoch: 1 | total time: 1.69m
step 00605 (65.23%) | loss: 1.056916 | lrm: 0.70 | dt: 158.30ms | tok/sec: 827,981 | mfu: 36.68 | epoch: 1 | total time: 1.69m
step 00606 (65.33%) | loss: 1.024062 | lrm: 0.69 | dt: 180.39ms | tok/sec: 726,608 | mfu: 32.19 | epoch: 1 | total time: 1.69m
step 00607 (65.44%) | loss: 1.011963 | lrm: 0.69 | dt: 159.88ms | tok/sec: 819,814 | mfu: 36.32 | epoch: 1 | total time: 1.70m
step 00608 (65.55%) | loss: 1.041621 | lrm: 0.69 | dt: 181.09ms | tok/sec: 723,786 | mfu: 32.07 | epoch: 1 | total time: 1.70m
step 00609 (65.66%) | loss: 1.029395 | lrm: 0.69 | dt: 160.72ms | tok/sec: 815,547 | mfu: 36.13 | epoch: 1 | total time: 1.70m
step 00610 (65.77%) | loss: 1.010034 | lrm: 0.68 | dt: 175.85ms | tok/sec: 745,367 | mfu: 33.02 | epoch: 1 | total time: 1.70m
step 00611 (65.88%) | loss: 1.017737 | lrm: 0.68 | dt: 163.13ms | tok/sec: 803,487 | mfu: 35.60 | epoch: 1 | total time: 1.71m
step 00612 (65.99%) | loss: 1.014050 | lrm: 0.68 | dt: 176.79ms | tok/sec: 741,402 | mfu: 32.85 | epoch: 1 | total time: 1.71m
step 00613 (66.10%) | loss: 1.015610 | lrm: 0.68 | dt: 168.84ms | tok/sec: 776,289 | mfu: 34.39 | epoch: 1 | total time: 1.71m
step 00614 (66.20%) | loss: 1.025066 | lrm: 0.68 | dt: 172.03ms | tok/sec: 761,912 | mfu: 33.76 | epoch: 1 | total time: 1.72m
step 00615 (66.31%) | loss: 1.012332 | lrm: 0.67 | dt: 167.95ms | tok/sec: 780,426 | mfu: 34.58 | epoch: 1 | total time: 1.72m
step 00616 (66.42%) | loss: 1.015117 | lrm: 0.67 | dt: 168.74ms | tok/sec: 776,768 | mfu: 34.42 | epoch: 1 | total time: 1.72m
step 00617 (66.52%) | loss: 1.031273 | lrm: 0.67 | dt: 173.37ms | tok/sec: 756,026 | mfu: 33.50 | epoch: 1 | total time: 1.72m
step 00618 (66.64%) | loss: 1.004327 | lrm: 0.67 | dt: 165.54ms | tok/sec: 791,795 | mfu: 35.08 | epoch: 1 | total time: 1.73m
step 00619 (66.74%) | loss: 0.995610 | lrm: 0.67 | dt: 175.70ms | tok/sec: 746,012 | mfu: 33.05 | epoch: 1 | total time: 1.73m
step 00620 (66.85%) | loss: 0.973692 | lrm: 0.66 | dt: 162.94ms | tok/sec: 804,426 | mfu: 35.64 | epoch: 1 | total time: 1.73m
step 00621 (66.96%) | loss: 0.983176 | lrm: 0.66 | dt: 182.24ms | tok/sec: 719,244 | mfu: 31.87 | epoch: 1 | total time: 1.74m
step 00622 (67.07%) | loss: 1.026241 | lrm: 0.66 | dt: 159.37ms | tok/sec: 822,415 | mfu: 36.44 | epoch: 1 | total time: 1.74m
step 00623 (67.18%) | loss: 1.019607 | lrm: 0.66 | dt: 181.07ms | tok/sec: 723,888 | mfu: 32.07 | epoch: 1 | total time: 1.74m
step 00624 (67.28%) | loss: 1.042723 | lrm: 0.65 | dt: 159.08ms | tok/sec: 823,927 | mfu: 36.51 | epoch: 1 | total time: 1.74m
step 00625 (67.39%) | loss: 1.003477 | lrm: 0.65 | dt: 183.23ms | tok/sec: 715,332 | mfu: 31.69 | epoch: 1 | total time: 1.75m
step 00626 (67.50%) | loss: 0.983833 | lrm: 0.65 | dt: 160.01ms | tok/sec: 819,129 | mfu: 36.29 | epoch: 1 | total time: 1.75m
step 00627 (67.61%) | loss: 0.983308 | lrm: 0.65 | dt: 177.42ms | tok/sec: 738,754 | mfu: 32.73 | epoch: 1 | total time: 1.75m
step 00628 (67.72%) | loss: 1.111620 | lrm: 0.65 | dt: 163.70ms | tok/sec: 800,682 | mfu: 35.48 | epoch: 1 | total time: 1.76m
step 00629 (67.83%) | loss: 1.096038 | lrm: 0.64 | dt: 174.40ms | tok/sec: 751,562 | mfu: 33.30 | epoch: 1 | total time: 1.76m
step 00630 (67.94%) | loss: 1.101468 | lrm: 0.64 | dt: 168.65ms | tok/sec: 777,187 | mfu: 34.43 | epoch: 1 | total time: 1.76m
step 00631 (68.04%) | loss: 1.105906 | lrm: 0.64 | dt: 168.09ms | tok/sec: 779,793 | mfu: 34.55 | epoch: 1 | total time: 1.76m
step 00632 (68.15%) | loss: 1.091316 | lrm: 0.64 | dt: 170.50ms | tok/sec: 768,769 | mfu: 34.06 | epoch: 1 | total time: 1.77m
step 00633 (68.26%) | loss: 1.067864 | lrm: 0.63 | dt: 166.69ms | tok/sec: 786,334 | mfu: 34.84 | epoch: 1 | total time: 1.77m
step 00634 (68.37%) | loss: 1.056508 | lrm: 0.63 | dt: 175.45ms | tok/sec: 747,042 | mfu: 33.10 | epoch: 1 | total time: 1.77m
step 00635 (68.47%) | loss: 1.032147 | lrm: 0.63 | dt: 162.95ms | tok/sec: 804,368 | mfu: 35.64 | epoch: 1 | total time: 1.78m
step 00636 (68.58%) | loss: 1.003646 | lrm: 0.63 | dt: 178.33ms | tok/sec: 734,990 | mfu: 32.56 | epoch: 1 | total time: 1.78m
step 00637 (68.69%) | loss: 1.012678 | lrm: 0.63 | dt: 163.79ms | tok/sec: 800,255 | mfu: 35.46 | epoch: 1 | total time: 1.78m
step 00638 (68.80%) | loss: 1.010109 | lrm: 0.62 | dt: 181.44ms | tok/sec: 722,392 | mfu: 32.01 | epoch: 1 | total time: 1.78m
step 00639 (68.91%) | loss: 0.999988 | lrm: 0.62 | dt: 160.18ms | tok/sec: 818,287 | mfu: 36.26 | epoch: 1 | total time: 1.79m
step 00640 (69.02%) | loss: 1.044062 | lrm: 0.62 | dt: 182.11ms | tok/sec: 719,732 | mfu: 31.89 | epoch: 1 | total time: 1.79m
step 00641 (69.13%) | loss: 1.061492 | lrm: 0.62 | dt: 159.41ms | tok/sec: 822,235 | mfu: 36.43 | epoch: 1 | total time: 1.79m
step 00642 (69.24%) | loss: 1.025261 | lrm: 0.62 | dt: 181.50ms | tok/sec: 722,148 | mfu: 32.00 | epoch: 1 | total time: 1.80m
step 00643 (69.35%) | loss: 1.032452 | lrm: 0.61 | dt: 162.30ms | tok/sec: 807,606 | mfu: 35.78 | epoch: 1 | total time: 1.80m
step 00644 (69.46%) | loss: 1.060221 | lrm: 0.61 | dt: 178.66ms | tok/sec: 733,628 | mfu: 32.50 | epoch: 1 | total time: 1.80m
step 00645 (69.57%) | loss: 1.084514 | lrm: 0.61 | dt: 161.73ms | tok/sec: 810,442 | mfu: 35.91 | epoch: 1 | total time: 1.80m
step 00646 (69.67%) | loss: 1.099678 | lrm: 0.61 | dt: 174.14ms | tok/sec: 752,675 | mfu: 33.35 | epoch: 1 | total time: 1.81m
step 00647 (69.78%) | loss: 1.099672 | lrm: 0.60 | dt: 169.34ms | tok/sec: 774,010 | mfu: 34.29 | epoch: 1 | total time: 1.81m
step 00648 (69.89%) | loss: 1.086030 | lrm: 0.60 | dt: 167.89ms | tok/sec: 780,692 | mfu: 34.59 | epoch: 1 | total time: 1.81m
step 00649 (70.00%) | loss: 1.066137 | lrm: 0.60 | dt: 173.64ms | tok/sec: 754,840 | mfu: 33.44 | epoch: 1 | total time: 1.81m
step 00650 (70.11%) | loss: 1.067274 | lrm: 0.60 | dt: 166.06ms | tok/sec: 789,316 | mfu: 34.97 | epoch: 1 | total time: 1.82m
Step 00650 | Validation bpb: 0.9522
step 00651 (70.22%) | loss: 1.115823 | lrm: 0.60 | dt: 167.49ms | tok/sec: 782,569 | mfu: 34.67 | epoch: 1 | total time: 1.82m
step 00652 (70.32%) | loss: 1.072899 | lrm: 0.59 | dt: 175.55ms | tok/sec: 746,636 | mfu: 33.08 | epoch: 1 | total time: 1.82m
step 00653 (70.42%) | loss: 1.064976 | lrm: 0.59 | dt: 161.31ms | tok/sec: 812,546 | mfu: 36.00 | epoch: 1 | total time: 1.83m
step 00654 (70.53%) | loss: 1.096732 | lrm: 0.59 | dt: 179.18ms | tok/sec: 731,519 | mfu: 32.41 | epoch: 1 | total time: 1.83m
step 00655 (70.63%) | loss: 1.106777 | lrm: 0.59 | dt: 159.25ms | tok/sec: 823,049 | mfu: 36.47 | epoch: 1 | total time: 1.83m
step 00656 (70.74%) | loss: 1.085567 | lrm: 0.59 | dt: 180.33ms | tok/sec: 726,827 | mfu: 32.20 | epoch: 1 | total time: 1.83m
step 00657 (70.85%) | loss: 1.061250 | lrm: 0.58 | dt: 159.69ms | tok/sec: 820,780 | mfu: 36.37 | epoch: 1 | total time: 1.84m
step 00658 (70.96%) | loss: 1.059458 | lrm: 0.58 | dt: 184.24ms | tok/sec: 711,425 | mfu: 31.52 | epoch: 1 | total time: 1.84m
step 00659 (71.07%) | loss: 1.066457 | lrm: 0.58 | dt: 160.70ms | tok/sec: 815,616 | mfu: 36.14 | epoch: 1 | total time: 1.84m
step 00660 (71.18%) | loss: 1.042994 | lrm: 0.58 | dt: 180.84ms | tok/sec: 724,808 | mfu: 32.11 | epoch: 1 | total time: 1.85m
step 00661 (71.29%) | loss: 1.028592 | lrm: 0.57 | dt: 160.60ms | tok/sec: 816,133 | mfu: 36.16 | epoch: 1 | total time: 1.85m
step 00662 (71.40%) | loss: 1.034337 | lrm: 0.57 | dt: 180.00ms | tok/sec: 728,179 | mfu: 32.26 | epoch: 1 | total time: 1.85m
step 00663 (71.51%) | loss: 1.040886 | lrm: 0.57 | dt: 164.90ms | tok/sec: 794,836 | mfu: 35.22 | epoch: 1 | total time: 1.85m
step 00664 (71.62%) | loss: 1.054647 | lrm: 0.57 | dt: 174.31ms | tok/sec: 751,932 | mfu: 33.32 | epoch: 1 | total time: 1.86m
step 00665 (71.72%) | loss: 1.058596 | lrm: 0.57 | dt: 167.68ms | tok/sec: 781,693 | mfu: 34.63 | epoch: 1 | total time: 1.86m
step 00666 (71.83%) | loss: 1.055887 | lrm: 0.56 | dt: 171.88ms | tok/sec: 762,598 | mfu: 33.79 | epoch: 1 | total time: 1.86m
step 00667 (71.93%) | loss: 1.057033 | lrm: 0.56 | dt: 170.56ms | tok/sec: 768,484 | mfu: 34.05 | epoch: 1 | total time: 1.87m
step 00668 (72.04%) | loss: 1.050703 | lrm: 0.56 | dt: 167.03ms | tok/sec: 784,708 | mfu: 34.77 | epoch: 1 | total time: 1.87m
step 00669 (72.15%) | loss: 1.033932 | lrm: 0.56 | dt: 171.92ms | tok/sec: 762,387 | mfu: 33.78 | epoch: 1 | total time: 1.87m
step 00670 (72.26%) | loss: 1.007961 | lrm: 0.55 | dt: 165.05ms | tok/sec: 794,148 | mfu: 35.19 | epoch: 1 | total time: 1.87m
step 00671 (72.37%) | loss: 1.015406 | lrm: 0.55 | dt: 176.96ms | tok/sec: 740,689 | mfu: 32.82 | epoch: 1 | total time: 1.88m
step 00672 (72.48%) | loss: 1.016258 | lrm: 0.55 | dt: 163.11ms | tok/sec: 803,575 | mfu: 35.60 | epoch: 1 | total time: 1.88m
step 00673 (72.58%) | loss: 0.992096 | lrm: 0.55 | dt: 177.70ms | tok/sec: 737,587 | mfu: 32.68 | epoch: 1 | total time: 1.88m
step 00674 (72.69%) | loss: 0.993441 | lrm: 0.55 | dt: 161.25ms | tok/sec: 812,864 | mfu: 36.02 | epoch: 1 | total time: 1.89m
step 00675 (72.80%) | loss: 0.984183 | lrm: 0.54 | dt: 183.91ms | tok/sec: 712,688 | mfu: 31.58 | epoch: 1 | total time: 1.89m
step 00676 (72.91%) | loss: 0.982768 | lrm: 0.54 | dt: 164.53ms | tok/sec: 796,636 | mfu: 35.30 | epoch: 1 | total time: 1.89m
step 00677 (73.02%) | loss: 1.008524 | lrm: 0.54 | dt: 181.10ms | tok/sec: 723,762 | mfu: 32.07 | epoch: 1 | total time: 1.89m
step 00678 (73.12%) | loss: 1.010829 | lrm: 0.54 | dt: 159.87ms | tok/sec: 819,842 | mfu: 36.32 | epoch: 1 | total time: 1.90m
step 00679 (73.24%) | loss: 0.980776 | lrm: 0.54 | dt: 179.83ms | tok/sec: 728,858 | mfu: 32.29 | epoch: 1 | total time: 1.90m
step 00680 (73.34%) | loss: 0.968174 | lrm: 0.53 | dt: 163.96ms | tok/sec: 799,391 | mfu: 35.42 | epoch: 1 | total time: 1.90m
step 00681 (73.45%) | loss: 1.017454 | lrm: 0.53 | dt: 174.22ms | tok/sec: 752,329 | mfu: 33.33 | epoch: 1 | total time: 1.91m
step 00682 (73.56%) | loss: 1.062877 | lrm: 0.53 | dt: 165.59ms | tok/sec: 791,566 | mfu: 35.07 | epoch: 1 | total time: 1.91m
step 00683 (73.66%) | loss: 1.029430 | lrm: 0.53 | dt: 175.23ms | tok/sec: 748,020 | mfu: 33.14 | epoch: 1 | total time: 1.91m
step 00684 (73.77%) | loss: 1.005871 | lrm: 0.52 | dt: 168.84ms | tok/sec: 776,287 | mfu: 34.39 | epoch: 1 | total time: 1.91m
step 00685 (73.88%) | loss: 0.972694 | lrm: 0.52 | dt: 171.23ms | tok/sec: 765,484 | mfu: 33.92 | epoch: 1 | total time: 1.92m
step 00686 (73.99%) | loss: 0.944567 | lrm: 0.52 | dt: 172.44ms | tok/sec: 760,112 | mfu: 33.68 | epoch: 1 | total time: 1.92m
step 00687 (74.10%) | loss: 0.961191 | lrm: 0.52 | dt: 167.11ms | tok/sec: 784,353 | mfu: 34.75 | epoch: 1 | total time: 1.92m
step 00688 (74.21%) | loss: 0.982438 | lrm: 0.52 | dt: 176.50ms | tok/sec: 742,611 | mfu: 32.90 | epoch: 1 | total time: 1.93m
step 00689 (74.32%) | loss: 0.997076 | lrm: 0.51 | dt: 163.25ms | tok/sec: 802,877 | mfu: 35.57 | epoch: 1 | total time: 1.93m
step 00690 (74.42%) | loss: 0.975811 | lrm: 0.51 | dt: 174.36ms | tok/sec: 751,729 | mfu: 33.31 | epoch: 1 | total time: 1.93m
step 00691 (74.53%) | loss: 1.014777 | lrm: 0.51 | dt: 163.03ms | tok/sec: 803,956 | mfu: 35.62 | epoch: 1 | total time: 1.93m
step 00692 (74.64%) | loss: 1.052427 | lrm: 0.51 | dt: 181.33ms | tok/sec: 722,820 | mfu: 32.03 | epoch: 1 | total time: 1.94m
step 00693 (74.75%) | loss: 1.025172 | lrm: 0.51 | dt: 160.10ms | tok/sec: 818,694 | mfu: 36.27 | epoch: 1 | total time: 1.94m
step 00694 (74.85%) | loss: 1.063221 | lrm: 0.50 | dt: 181.28ms | tok/sec: 723,041 | mfu: 32.04 | epoch: 1 | total time: 1.94m
step 00695 (74.96%) | loss: 1.057905 | lrm: 0.50 | dt: 158.92ms | tok/sec: 824,774 | mfu: 36.54 | epoch: 1 | total time: 1.95m
step 00696 (75.07%) | loss: 1.036165 | lrm: 0.50 | dt: 182.09ms | tok/sec: 719,814 | mfu: 31.89 | epoch: 1 | total time: 1.95m
step 00697 (75.17%) | loss: 1.027559 | lrm: 0.50 | dt: 160.67ms | tok/sec: 815,793 | mfu: 36.14 | epoch: 1 | total time: 1.95m
step 00698 (75.28%) | loss: 1.006296 | lrm: 0.49 | dt: 178.80ms | tok/sec: 733,061 | mfu: 32.48 | epoch: 1 | total time: 1.95m
step 00699 (75.39%) | loss: 1.014013 | lrm: 0.49 | dt: 164.23ms | tok/sec: 798,111 | mfu: 35.36 | epoch: 1 | total time: 1.96m
step 00700 (75.50%) | loss: 0.969373 | lrm: 0.49 | dt: 170.17ms | tok/sec: 770,259 | mfu: 34.13 | epoch: 1 | total time: 1.96m
Step 00700 | Validation bpb: 0.9384
step 00701 (75.61%) | loss: 0.972737 | lrm: 0.49 | dt: 175.72ms | tok/sec: 745,915 | mfu: 33.05 | epoch: 1 | total time: 1.96m
step 00702 (75.71%) | loss: 0.958606 | lrm: 0.49 | dt: 168.87ms | tok/sec: 776,175 | mfu: 34.39 | epoch: 1 | total time: 1.97m
step 00703 (75.82%) | loss: 0.956048 | lrm: 0.48 | dt: 172.86ms | tok/sec: 758,239 | mfu: 33.59 | epoch: 1 | total time: 1.97m
step 00704 (75.94%) | loss: 0.974388 | lrm: 0.48 | dt: 174.43ms | tok/sec: 751,429 | mfu: 33.29 | epoch: 1 | total time: 1.97m
step 00705 (76.04%) | loss: 0.958586 | lrm: 0.48 | dt: 168.18ms | tok/sec: 779,376 | mfu: 34.53 | epoch: 1 | total time: 1.97m
step 00706 (76.15%) | loss: 0.953266 | lrm: 0.48 | dt: 175.83ms | tok/sec: 745,458 | mfu: 33.03 | epoch: 1 | total time: 1.98m
step 00707 (76.26%) | loss: 0.924020 | lrm: 0.47 | dt: 164.74ms | tok/sec: 795,634 | mfu: 35.25 | epoch: 1 | total time: 1.98m
step 00708 (76.37%) | loss: 0.909107 | lrm: 0.47 | dt: 179.72ms | tok/sec: 729,299 | mfu: 32.31 | epoch: 1 | total time: 1.98m
step 00709 (76.47%) | loss: 0.919031 | lrm: 0.47 | dt: 160.80ms | tok/sec: 815,141 | mfu: 36.12 | epoch: 1 | total time: 1.99m
step 00710 (76.58%) | loss: 0.901438 | lrm: 0.47 | dt: 182.16ms | tok/sec: 719,551 | mfu: 31.88 | epoch: 1 | total time: 1.99m
step 00711 (76.69%) | loss: 0.935929 | lrm: 0.47 | dt: 160.75ms | tok/sec: 815,398 | mfu: 36.13 | epoch: 1 | total time: 1.99m
step 00712 (76.79%) | loss: 0.930075 | lrm: 0.46 | dt: 183.28ms | tok/sec: 715,152 | mfu: 31.69 | epoch: 1 | total time: 1.99m
step 00713 (76.90%) | loss: 0.920793 | lrm: 0.46 | dt: 160.86ms | tok/sec: 814,839 | mfu: 36.10 | epoch: 1 | total time: 2.00m
step 00714 (77.01%) | loss: 0.907950 | lrm: 0.46 | dt: 180.86ms | tok/sec: 724,696 | mfu: 32.11 | epoch: 1 | total time: 2.00m
step 00715 (77.12%) | loss: 0.942192 | lrm: 0.46 | dt: 161.34ms | tok/sec: 812,404 | mfu: 35.99 | epoch: 1 | total time: 2.00m
step 00716 (77.22%) | loss: 0.955584 | lrm: 0.46 | dt: 179.32ms | tok/sec: 730,953 | mfu: 32.39 | epoch: 1 | total time: 2.01m
step 00717 (77.33%) | loss: 0.969775 | lrm: 0.45 | dt: 165.85ms | tok/sec: 790,317 | mfu: 35.02 | epoch: 1 | total time: 2.01m
step 00718 (77.44%) | loss: 0.957673 | lrm: 0.45 | dt: 173.42ms | tok/sec: 755,806 | mfu: 33.49 | epoch: 1 | total time: 2.01m
step 00719 (77.55%) | loss: 0.955304 | lrm: 0.45 | dt: 168.26ms | tok/sec: 779,003 | mfu: 34.51 | epoch: 1 | total time: 2.01m
step 00720 (77.65%) | loss: 0.929527 | lrm: 0.45 | dt: 169.79ms | tok/sec: 771,957 | mfu: 34.20 | epoch: 1 | total time: 2.02m
step 00721 (77.76%) | loss: 0.925805 | lrm: 0.44 | dt: 171.24ms | tok/sec: 765,410 | mfu: 33.91 | epoch: 1 | total time: 2.02m
step 00722 (77.86%) | loss: 0.920394 | lrm: 0.44 | dt: 165.87ms | tok/sec: 790,225 | mfu: 35.01 | epoch: 1 | total time: 2.02m
step 00723 (77.97%) | loss: 0.926530 | lrm: 0.44 | dt: 174.70ms | tok/sec: 750,252 | mfu: 33.24 | epoch: 1 | total time: 2.03m
step 00724 (78.08%) | loss: 0.967215 | lrm: 0.44 | dt: 165.12ms | tok/sec: 793,800 | mfu: 35.17 | epoch: 1 | total time: 2.03m
step 00725 (78.19%) | loss: 0.958122 | lrm: 0.44 | dt: 178.32ms | tok/sec: 735,037 | mfu: 32.57 | epoch: 1 | total time: 2.03m
step 00726 (78.30%) | loss: 0.965073 | lrm: 0.43 | dt: 161.71ms | tok/sec: 810,551 | mfu: 35.91 | epoch: 1 | total time: 2.03m
step 00727 (78.40%) | loss: 1.012150 | lrm: 0.43 | dt: 178.16ms | tok/sec: 735,698 | mfu: 32.60 | epoch: 1 | total time: 2.04m
step 00728 (78.51%) | loss: 0.990240 | lrm: 0.43 | dt: 158.66ms | tok/sec: 826,121 | mfu: 36.60 | epoch: 1 | total time: 2.04m
step 00729 (78.61%) | loss: 1.010379 | lrm: 0.43 | dt: 183.16ms | tok/sec: 715,601 | mfu: 31.71 | epoch: 1 | total time: 2.04m
step 00730 (78.72%) | loss: 0.989749 | lrm: 0.43 | dt: 159.81ms | tok/sec: 820,171 | mfu: 36.34 | epoch: 1 | total time: 2.05m
step 00731 (78.83%) | loss: 0.986003 | lrm: 0.42 | dt: 180.03ms | tok/sec: 728,072 | mfu: 32.26 | epoch: 1 | total time: 2.05m
step 00732 (78.94%) | loss: 1.002699 | lrm: 0.42 | dt: 161.54ms | tok/sec: 811,372 | mfu: 35.95 | epoch: 1 | total time: 2.05m
step 00733 (79.05%) | loss: 1.001345 | lrm: 0.42 | dt: 179.90ms | tok/sec: 728,602 | mfu: 32.28 | epoch: 1 | total time: 2.05m
step 00734 (79.15%) | loss: 1.039301 | lrm: 0.42 | dt: 165.40ms | tok/sec: 792,435 | mfu: 35.11 | epoch: 1 | total time: 2.06m
step 00735 (79.26%) | loss: 1.007873 | lrm: 0.41 | dt: 172.14ms | tok/sec: 761,412 | mfu: 33.74 | epoch: 1 | total time: 2.06m
step 00736 (79.36%) | loss: 0.989997 | lrm: 0.41 | dt: 166.74ms | tok/sec: 786,108 | mfu: 34.83 | epoch: 1 | total time: 2.06m
step 00737 (79.46%) | loss: 0.977997 | lrm: 0.41 | dt: 171.05ms | tok/sec: 766,294 | mfu: 33.95 | epoch: 1 | total time: 2.07m
step 00738 (79.57%) | loss: 0.993352 | lrm: 0.41 | dt: 173.01ms | tok/sec: 757,616 | mfu: 33.57 | epoch: 1 | total time: 2.07m
step 00739 (79.68%) | loss: 0.992853 | lrm: 0.41 | dt: 165.32ms | tok/sec: 792,840 | mfu: 35.13 | epoch: 1 | total time: 2.07m
step 00740 (79.78%) | loss: 0.963824 | lrm: 0.40 | dt: 175.49ms | tok/sec: 746,875 | mfu: 33.09 | epoch: 1 | total time: 2.07m
step 00741 (79.89%) | loss: 0.954416 | lrm: 0.40 | dt: 162.81ms | tok/sec: 805,058 | mfu: 35.67 | epoch: 1 | total time: 2.08m
step 00742 (80.00%) | loss: 0.940425 | lrm: 0.40 | dt: 179.54ms | tok/sec: 730,038 | mfu: 32.35 | epoch: 1 | total time: 2.08m
step 00743 (80.11%) | loss: 0.951725 | lrm: 0.40 | dt: 158.92ms | tok/sec: 824,745 | mfu: 36.54 | epoch: 1 | total time: 2.08m
step 00744 (80.21%) | loss: 0.945365 | lrm: 0.40 | dt: 181.14ms | tok/sec: 723,577 | mfu: 32.06 | epoch: 1 | total time: 2.09m
step 00745 (80.32%) | loss: 0.909989 | lrm: 0.39 | dt: 159.47ms | tok/sec: 821,920 | mfu: 36.42 | epoch: 1 | total time: 2.09m
step 00746 (80.43%) | loss: 0.917652 | lrm: 0.39 | dt: 182.04ms | tok/sec: 720,013 | mfu: 31.90 | epoch: 1 | total time: 2.09m
step 00747 (80.53%) | loss: 0.892729 | lrm: 0.39 | dt: 160.13ms | tok/sec: 818,544 | mfu: 36.27 | epoch: 1 | total time: 2.09m
step 00748 (80.64%) | loss: 0.863447 | lrm: 0.39 | dt: 178.13ms | tok/sec: 735,815 | mfu: 32.60 | epoch: 1 | total time: 2.10m
step 00749 (80.75%) | loss: 0.866113 | lrm: 0.39 | dt: 161.83ms | tok/sec: 809,913 | mfu: 35.88 | epoch: 1 | total time: 2.10m
step 00750 (80.85%) | loss: 0.868838 | lrm: 0.38 | dt: 176.85ms | tok/sec: 741,160 | mfu: 32.84 | epoch: 1 | total time: 2.10m
Step 00750 | Validation bpb: 0.9337
step 00751 (80.96%) | loss: 0.905924 | lrm: 0.38 | dt: 176.50ms | tok/sec: 742,606 | mfu: 32.90 | epoch: 1 | total time: 2.10m
step 00752 (81.07%) | loss: 0.928840 | lrm: 0.38 | dt: 165.66ms | tok/sec: 791,229 | mfu: 35.06 | epoch: 1 | total time: 2.11m
step 00753 (81.18%) | loss: 0.933564 | lrm: 0.38 | dt: 173.57ms | tok/sec: 755,172 | mfu: 33.46 | epoch: 1 | total time: 2.11m
step 00754 (81.28%) | loss: 1.013607 | lrm: 0.37 | dt: 169.30ms | tok/sec: 774,217 | mfu: 34.30 | epoch: 1 | total time: 2.11m
step 00755 (81.39%) | loss: 0.974762 | lrm: 0.37 | dt: 168.13ms | tok/sec: 779,579 | mfu: 34.54 | epoch: 1 | total time: 2.12m
step 00756 (81.50%) | loss: 0.970873 | lrm: 0.37 | dt: 172.50ms | tok/sec: 759,830 | mfu: 33.67 | epoch: 1 | total time: 2.12m
step 00757 (81.61%) | loss: 0.933246 | lrm: 0.37 | dt: 166.77ms | tok/sec: 785,933 | mfu: 34.82 | epoch: 1 | total time: 2.12m
step 00758 (81.72%) | loss: 0.926030 | lrm: 0.37 | dt: 176.72ms | tok/sec: 741,677 | mfu: 32.86 | epoch: 1 | total time: 2.12m
step 00759 (81.83%) | loss: 0.928487 | lrm: 0.36 | dt: 162.92ms | tok/sec: 804,528 | mfu: 35.65 | epoch: 1 | total time: 2.13m
step 00760 (81.93%) | loss: 0.920610 | lrm: 0.36 | dt: 176.21ms | tok/sec: 743,842 | mfu: 32.96 | epoch: 1 | total time: 2.13m
step 00761 (82.04%) | loss: 0.958139 | lrm: 0.36 | dt: 162.18ms | tok/sec: 808,180 | mfu: 35.81 | epoch: 1 | total time: 2.13m
step 00762 (82.15%) | loss: 0.932169 | lrm: 0.36 | dt: 181.49ms | tok/sec: 722,201 | mfu: 32.00 | epoch: 1 | total time: 2.14m
step 00763 (82.25%) | loss: 0.917004 | lrm: 0.36 | dt: 158.87ms | tok/sec: 825,005 | mfu: 36.55 | epoch: 1 | total time: 2.14m
step 00764 (82.35%) | loss: 0.895655 | lrm: 0.35 | dt: 177.74ms | tok/sec: 737,432 | mfu: 32.67 | epoch: 1 | total time: 2.14m
step 00765 (82.46%) | loss: 0.913850 | lrm: 0.35 | dt: 159.32ms | tok/sec: 822,671 | mfu: 36.45 | epoch: 1 | total time: 2.14m
step 00766 (82.57%) | loss: 0.898045 | lrm: 0.35 | dt: 179.48ms | tok/sec: 730,269 | mfu: 32.36 | epoch: 1 | total time: 2.15m
step 00767 (82.68%) | loss: 0.916989 | lrm: 0.35 | dt: 163.15ms | tok/sec: 803,374 | mfu: 35.59 | epoch: 1 | total time: 2.15m
step 00768 (82.79%) | loss: 0.933698 | lrm: 0.34 | dt: 174.85ms | tok/sec: 749,619 | mfu: 33.21 | epoch: 1 | total time: 2.15m
step 00769 (82.89%) | loss: 0.935105 | lrm: 0.34 | dt: 164.47ms | tok/sec: 796,911 | mfu: 35.31 | epoch: 1 | total time: 2.16m
step 00770 (83.01%) | loss: 0.940305 | lrm: 0.34 | dt: 174.29ms | tok/sec: 752,027 | mfu: 33.32 | epoch: 1 | total time: 2.16m
step 00771 (83.11%) | loss: 0.952034 | lrm: 0.34 | dt: 169.80ms | tok/sec: 771,935 | mfu: 34.20 | epoch: 1 | total time: 2.16m
step 00772 (83.22%) | loss: 0.925714 | lrm: 0.34 | dt: 166.70ms | tok/sec: 786,278 | mfu: 34.84 | epoch: 1 | total time: 2.16m
step 00773 (83.32%) | loss: 0.916558 | lrm: 0.33 | dt: 172.38ms | tok/sec: 760,364 | mfu: 33.69 | epoch: 1 | total time: 2.17m
step 00774 (83.43%) | loss: 0.902143 | lrm: 0.33 | dt: 164.55ms | tok/sec: 796,572 | mfu: 35.29 | epoch: 1 | total time: 2.17m
step 00775 (83.54%) | loss: 0.908586 | lrm: 0.33 | dt: 176.71ms | tok/sec: 741,715 | mfu: 32.86 | epoch: 1 | total time: 2.17m
step 00776 (83.64%) | loss: 0.908657 | lrm: 0.33 | dt: 160.84ms | tok/sec: 814,931 | mfu: 36.11 | epoch: 1 | total time: 2.18m
step 00777 (83.75%) | loss: 0.893538 | lrm: 0.33 | dt: 177.21ms | tok/sec: 739,625 | mfu: 32.77 | epoch: 1 | total time: 2.18m
step 00778 (83.85%) | loss: 0.899564 | lrm: 0.32 | dt: 160.24ms | tok/sec: 817,951 | mfu: 36.24 | epoch: 1 | total time: 2.18m
step 00779 (83.96%) | loss: 0.956789 | lrm: 0.32 | dt: 181.61ms | tok/sec: 721,724 | mfu: 31.98 | epoch: 1 | total time: 2.18m
step 00780 (84.07%) | loss: 0.925503 | lrm: 0.32 | dt: 161.25ms | tok/sec: 812,865 | mfu: 36.02 | epoch: 1 | total time: 2.19m
step 00781 (84.18%) | loss: 0.900249 | lrm: 0.32 | dt: 181.07ms | tok/sec: 723,879 | mfu: 32.07 | epoch: 1 | total time: 2.19m
step 00782 (84.29%) | loss: 0.904659 | lrm: 0.31 | dt: 159.27ms | tok/sec: 822,960 | mfu: 36.46 | epoch: 1 | total time: 2.19m
step 00783 (84.40%) | loss: 0.895137 | lrm: 0.31 | dt: 180.41ms | tok/sec: 726,506 | mfu: 32.19 | epoch: 1 | total time: 2.20m
step 00784 (84.50%) | loss: 0.896233 | lrm: 0.31 | dt: 164.70ms | tok/sec: 795,828 | mfu: 35.26 | epoch: 1 | total time: 2.20m
step 00785 (84.61%) | loss: 0.900477 | lrm: 0.31 | dt: 175.43ms | tok/sec: 747,157 | mfu: 33.10 | epoch: 1 | total time: 2.20m
step 00786 (84.72%) | loss: 0.903427 | lrm: 0.31 | dt: 165.81ms | tok/sec: 790,502 | mfu: 35.02 | epoch: 1 | total time: 2.20m
step 00787 (84.83%) | loss: 0.885588 | lrm: 0.30 | dt: 173.26ms | tok/sec: 756,524 | mfu: 33.52 | epoch: 1 | total time: 2.21m
step 00788 (84.94%) | loss: 0.856975 | lrm: 0.30 | dt: 171.07ms | tok/sec: 766,205 | mfu: 33.95 | epoch: 1 | total time: 2.21m
step 00789 (85.05%) | loss: 0.884330 | lrm: 0.30 | dt: 169.26ms | tok/sec: 774,372 | mfu: 34.31 | epoch: 1 | total time: 2.21m
step 00790 (85.16%) | loss: 0.881482 | lrm: 0.30 | dt: 171.05ms | tok/sec: 766,279 | mfu: 33.95 | epoch: 1 | total time: 2.22m
step 00791 (85.27%) | loss: 0.907600 | lrm: 0.29 | dt: 167.94ms | tok/sec: 780,467 | mfu: 34.58 | epoch: 1 | total time: 2.22m
step 00792 (85.37%) | loss: 0.926004 | lrm: 0.29 | dt: 174.34ms | tok/sec: 751,805 | mfu: 33.31 | epoch: 1 | total time: 2.22m
step 00793 (85.48%) | loss: 0.944228 | lrm: 0.29 | dt: 163.42ms | tok/sec: 802,063 | mfu: 35.54 | epoch: 1 | total time: 2.22m
step 00794 (85.59%) | loss: 0.969393 | lrm: 0.29 | dt: 176.25ms | tok/sec: 743,691 | mfu: 32.95 | epoch: 1 | total time: 2.23m
step 00795 (85.69%) | loss: 0.938030 | lrm: 0.29 | dt: 161.38ms | tok/sec: 812,180 | mfu: 35.98 | epoch: 1 | total time: 2.23m
step 00796 (85.80%) | loss: 0.906930 | lrm: 0.28 | dt: 180.45ms | tok/sec: 726,352 | mfu: 32.18 | epoch: 1 | total time: 2.23m
step 00797 (85.90%) | loss: 0.928793 | lrm: 0.28 | dt: 158.98ms | tok/sec: 824,450 | mfu: 36.53 | epoch: 1 | total time: 2.24m
step 00798 (86.01%) | loss: 0.900934 | lrm: 0.28 | dt: 180.42ms | tok/sec: 726,501 | mfu: 32.19 | epoch: 1 | total time: 2.24m
step 00799 (86.12%) | loss: 0.867813 | lrm: 0.28 | dt: 160.47ms | tok/sec: 816,776 | mfu: 36.19 | epoch: 1 | total time: 2.24m
step 00800 (86.23%) | loss: 0.910344 | lrm: 0.28 | dt: 180.14ms | tok/sec: 727,596 | mfu: 32.24 | epoch: 1 | total time: 2.24m
Step 00800 | Validation bpb: 0.9187
step 00801 (86.33%) | loss: 0.892241 | lrm: 0.27 | dt: 178.46ms | tok/sec: 734,458 | mfu: 32.54 | epoch: 1 | total time: 2.25m
step 00802 (86.44%) | loss: 0.936162 | lrm: 0.27 | dt: 161.57ms | tok/sec: 811,233 | mfu: 35.94 | epoch: 1 | total time: 2.25m
step 00803 (86.55%) | loss: 0.917440 | lrm: 0.27 | dt: 174.67ms | tok/sec: 750,418 | mfu: 33.25 | epoch: 1 | total time: 2.25m
step 00804 (86.66%) | loss: 0.911479 | lrm: 0.27 | dt: 167.34ms | tok/sec: 783,246 | mfu: 34.70 | epoch: 1 | total time: 2.26m
step 00805 (86.78%) | loss: 0.877212 | lrm: 0.26 | dt: 174.22ms | tok/sec: 752,357 | mfu: 33.33 | epoch: 1 | total time: 2.26m
step 00806 (86.88%) | loss: 0.880591 | lrm: 0.26 | dt: 167.18ms | tok/sec: 784,004 | mfu: 34.74 | epoch: 1 | total time: 2.26m
step 00807 (86.99%) | loss: 0.858100 | lrm: 0.26 | dt: 171.83ms | tok/sec: 762,780 | mfu: 33.80 | epoch: 1 | total time: 2.26m
step 00808 (87.10%) | loss: 0.864346 | lrm: 0.26 | dt: 173.12ms | tok/sec: 757,095 | mfu: 33.54 | epoch: 1 | total time: 2.27m
step 00809 (87.21%) | loss: 0.868624 | lrm: 0.26 | dt: 165.86ms | tok/sec: 790,273 | mfu: 35.01 | epoch: 1 | total time: 2.27m
step 00810 (87.31%) | loss: 0.879973 | lrm: 0.25 | dt: 172.82ms | tok/sec: 758,423 | mfu: 33.60 | epoch: 1 | total time: 2.27m
step 00811 (87.42%) | loss: 0.875979 | lrm: 0.25 | dt: 159.15ms | tok/sec: 823,562 | mfu: 36.49 | epoch: 1 | total time: 2.27m
step 00812 (87.53%) | loss: 0.876084 | lrm: 0.25 | dt: 182.53ms | tok/sec: 718,099 | mfu: 31.82 | epoch: 1 | total time: 2.28m
step 00813 (87.64%) | loss: 0.869680 | lrm: 0.25 | dt: 161.35ms | tok/sec: 812,322 | mfu: 35.99 | epoch: 1 | total time: 2.28m
step 00814 (87.74%) | loss: 0.851515 | lrm: 0.25 | dt: 177.69ms | tok/sec: 737,634 | mfu: 32.68 | epoch: 1 | total time: 2.28m
step 00815 (87.85%) | loss: 0.843721 | lrm: 0.24 | dt: 161.92ms | tok/sec: 809,501 | mfu: 35.87 | epoch: 1 | total time: 2.29m
step 00816 (87.95%) | loss: 0.841460 | lrm: 0.24 | dt: 175.09ms | tok/sec: 748,584 | mfu: 33.17 | epoch: 1 | total time: 2.29m
step 00817 (88.06%) | loss: 0.856079 | lrm: 0.24 | dt: 166.04ms | tok/sec: 789,385 | mfu: 34.97 | epoch: 1 | total time: 2.29m
step 00818 (88.16%) | loss: 0.851184 | lrm: 0.24 | dt: 173.59ms | tok/sec: 755,050 | mfu: 33.45 | epoch: 1 | total time: 2.29m
step 00819 (88.27%) | loss: 0.836878 | lrm: 0.23 | dt: 168.00ms | tok/sec: 780,209 | mfu: 34.57 | epoch: 1 | total time: 2.30m
step 00820 (88.38%) | loss: 0.835471 | lrm: 0.23 | dt: 166.32ms | tok/sec: 788,085 | mfu: 34.92 | epoch: 1 | total time: 2.30m
step 00821 (88.49%) | loss: 0.823151 | lrm: 0.23 | dt: 175.02ms | tok/sec: 748,887 | mfu: 33.18 | epoch: 1 | total time: 2.30m
step 00822 (88.59%) | loss: 0.843363 | lrm: 0.23 | dt: 163.35ms | tok/sec: 802,403 | mfu: 35.55 | epoch: 1 | total time: 2.31m
step 00823 (88.70%) | loss: 0.823866 | lrm: 0.23 | dt: 176.18ms | tok/sec: 743,960 | mfu: 32.96 | epoch: 1 | total time: 2.31m
step 00824 (88.81%) | loss: 0.874666 | lrm: 0.22 | dt: 163.57ms | tok/sec: 801,306 | mfu: 35.50 | epoch: 1 | total time: 2.31m
step 00825 (88.92%) | loss: 0.887053 | lrm: 0.22 | dt: 181.32ms | tok/sec: 722,871 | mfu: 32.03 | epoch: 1 | total time: 2.31m
step 00826 (89.03%) | loss: 0.897308 | lrm: 0.22 | dt: 160.34ms | tok/sec: 817,454 | mfu: 36.22 | epoch: 1 | total time: 2.32m
step 00827 (89.14%) | loss: 0.913369 | lrm: 0.22 | dt: 182.90ms | tok/sec: 716,641 | mfu: 31.75 | epoch: 1 | total time: 2.32m
step 00828 (89.25%) | loss: 0.931698 | lrm: 0.21 | dt: 162.87ms | tok/sec: 804,770 | mfu: 35.66 | epoch: 1 | total time: 2.32m
step 00829 (89.36%) | loss: 0.919645 | lrm: 0.21 | dt: 181.30ms | tok/sec: 722,945 | mfu: 32.03 | epoch: 1 | total time: 2.33m
step 00830 (89.47%) | loss: 0.890814 | lrm: 0.21 | dt: 160.54ms | tok/sec: 816,445 | mfu: 36.17 | epoch: 1 | total time: 2.33m
step 00831 (89.58%) | loss: 0.868582 | lrm: 0.21 | dt: 178.06ms | tok/sec: 736,118 | mfu: 32.61 | epoch: 1 | total time: 2.33m
step 00832 (89.69%) | loss: 0.902403 | lrm: 0.21 | dt: 162.93ms | tok/sec: 804,476 | mfu: 35.64 | epoch: 1 | total time: 2.33m
step 00833 (89.79%) | loss: 0.897921 | lrm: 0.20 | dt: 176.15ms | tok/sec: 744,072 | mfu: 32.97 | epoch: 1 | total time: 2.34m
step 00834 (89.90%) | loss: 0.887472 | lrm: 0.20 | dt: 165.24ms | tok/sec: 793,212 | mfu: 35.14 | epoch: 1 | total time: 2.34m
step 00835 (90.00%) | loss: 0.873319 | lrm: 0.20 | dt: 171.89ms | tok/sec: 762,547 | mfu: 33.79 | epoch: 1 | total time: 2.34m
step 00836 (90.11%) | loss: 0.857939 | lrm: 0.20 | dt: 168.63ms | tok/sec: 777,280 | mfu: 34.44 | epoch: 1 | total time: 2.35m
step 00837 (90.22%) | loss: 0.860073 | lrm: 0.20 | dt: 167.98ms | tok/sec: 780,270 | mfu: 34.57 | epoch: 1 | total time: 2.35m
step 00838 (90.32%) | loss: 0.878217 | lrm: 0.19 | dt: 173.03ms | tok/sec: 757,518 | mfu: 33.56 | epoch: 1 | total time: 2.35m
step 00839 (90.43%) | loss: 0.896261 | lrm: 0.19 | dt: 164.37ms | tok/sec: 797,428 | mfu: 35.33 | epoch: 1 | total time: 2.35m
step 00840 (90.54%) | loss: 0.906277 | lrm: 0.19 | dt: 175.87ms | tok/sec: 745,262 | mfu: 33.02 | epoch: 1 | total time: 2.36m
step 00841 (90.64%) | loss: 0.884689 | lrm: 0.19 | dt: 160.68ms | tok/sec: 815,737 | mfu: 36.14 | epoch: 1 | total time: 2.36m
step 00842 (90.75%) | loss: 0.898142 | lrm: 0.19 | dt: 182.89ms | tok/sec: 716,656 | mfu: 31.75 | epoch: 1 | total time: 2.36m
step 00843 (90.85%) | loss: 0.890929 | lrm: 0.18 | dt: 159.77ms | tok/sec: 820,355 | mfu: 36.35 | epoch: 1 | total time: 2.37m
step 00844 (90.96%) | loss: 0.878527 | lrm: 0.18 | dt: 180.99ms | tok/sec: 724,191 | mfu: 32.09 | epoch: 1 | total time: 2.37m
step 00845 (91.07%) | loss: 0.875676 | lrm: 0.18 | dt: 159.79ms | tok/sec: 820,253 | mfu: 36.34 | epoch: 1 | total time: 2.37m
step 00846 (91.18%) | loss: 0.871947 | lrm: 0.18 | dt: 182.57ms | tok/sec: 717,939 | mfu: 31.81 | epoch: 1 | total time: 2.37m
step 00847 (91.28%) | loss: 0.858060 | lrm: 0.17 | dt: 160.67ms | tok/sec: 815,783 | mfu: 36.14 | epoch: 1 | total time: 2.38m
step 00848 (91.39%) | loss: 0.852147 | lrm: 0.17 | dt: 176.78ms | tok/sec: 741,461 | mfu: 32.85 | epoch: 1 | total time: 2.38m
step 00849 (91.50%) | loss: 0.838058 | lrm: 0.17 | dt: 162.56ms | tok/sec: 806,319 | mfu: 35.73 | epoch: 1 | total time: 2.38m
step 00850 (91.60%) | loss: 0.827209 | lrm: 0.17 | dt: 173.38ms | tok/sec: 755,973 | mfu: 33.49 | epoch: 1 | total time: 2.39m
Step 00850 | Validation bpb: 0.9152
step 00851 (91.71%) | loss: 0.835109 | lrm: 0.17 | dt: 175.02ms | tok/sec: 748,901 | mfu: 33.18 | epoch: 1 | total time: 2.39m
step 00852 (91.82%) | loss: 0.838618 | lrm: 0.16 | dt: 166.45ms | tok/sec: 787,478 | mfu: 34.89 | epoch: 1 | total time: 2.39m
step 00853 (91.93%) | loss: 0.843486 | lrm: 0.16 | dt: 173.16ms | tok/sec: 756,922 | mfu: 33.54 | epoch: 1 | total time: 2.39m
step 00854 (92.04%) | loss: 0.850546 | lrm: 0.16 | dt: 171.59ms | tok/sec: 763,882 | mfu: 33.84 | epoch: 1 | total time: 2.40m
step 00855 (92.14%) | loss: 0.872370 | lrm: 0.16 | dt: 167.19ms | tok/sec: 783,993 | mfu: 34.74 | epoch: 1 | total time: 2.40m
step 00856 (92.25%) | loss: 0.863645 | lrm: 0.15 | dt: 173.68ms | tok/sec: 754,695 | mfu: 33.44 | epoch: 1 | total time: 2.40m
step 00857 (92.36%) | loss: 0.852217 | lrm: 0.15 | dt: 165.76ms | tok/sec: 790,734 | mfu: 35.03 | epoch: 1 | total time: 2.41m
step 00858 (92.47%) | loss: 0.849453 | lrm: 0.15 | dt: 178.59ms | tok/sec: 733,938 | mfu: 32.52 | epoch: 1 | total time: 2.41m
step 00859 (92.58%) | loss: 0.895550 | lrm: 0.15 | dt: 163.22ms | tok/sec: 803,049 | mfu: 35.58 | epoch: 1 | total time: 2.41m
step 00860 (92.69%) | loss: 0.910376 | lrm: 0.15 | dt: 179.74ms | tok/sec: 729,225 | mfu: 32.31 | epoch: 1 | total time: 2.41m
step 00861 (92.80%) | loss: 0.911442 | lrm: 0.14 | dt: 158.75ms | tok/sec: 825,663 | mfu: 36.58 | epoch: 1 | total time: 2.42m
step 00862 (92.91%) | loss: 0.923186 | lrm: 0.14 | dt: 184.12ms | tok/sec: 711,880 | mfu: 31.54 | epoch: 1 | total time: 2.42m
step 00863 (93.01%) | loss: 0.894345 | lrm: 0.14 | dt: 159.33ms | tok/sec: 822,645 | mfu: 36.45 | epoch: 1 | total time: 2.42m
step 00864 (93.13%) | loss: 0.878047 | lrm: 0.14 | dt: 180.82ms | tok/sec: 724,892 | mfu: 32.12 | epoch: 1 | total time: 2.43m
step 00865 (93.23%) | loss: 0.880106 | lrm: 0.14 | dt: 160.51ms | tok/sec: 816,578 | mfu: 36.18 | epoch: 1 | total time: 2.43m
step 00866 (93.34%) | loss: 0.870286 | lrm: 0.13 | dt: 176.41ms | tok/sec: 742,996 | mfu: 32.92 | epoch: 1 | total time: 2.43m
step 00867 (93.45%) | loss: 0.866229 | lrm: 0.13 | dt: 165.46ms | tok/sec: 792,173 | mfu: 35.10 | epoch: 1 | total time: 2.43m
step 00868 (93.55%) | loss: 0.857440 | lrm: 0.13 | dt: 170.99ms | tok/sec: 766,556 | mfu: 33.96 | epoch: 1 | total time: 2.44m
step 00869 (93.66%) | loss: 0.870740 | lrm: 0.13 | dt: 168.24ms | tok/sec: 779,097 | mfu: 34.52 | epoch: 1 | total time: 2.44m
step 00870 (93.77%) | loss: 0.872898 | lrm: 0.12 | dt: 170.62ms | tok/sec: 768,213 | mfu: 34.04 | epoch: 1 | total time: 2.44m
step 00871 (93.88%) | loss: 0.868712 | lrm: 0.12 | dt: 173.91ms | tok/sec: 753,685 | mfu: 33.39 | epoch: 1 | total time: 2.45m
step 00872 (93.98%) | loss: 0.845307 | lrm: 0.12 | dt: 164.09ms | tok/sec: 798,803 | mfu: 35.39 | epoch: 1 | total time: 2.45m
step 00873 (94.10%) | loss: 0.865906 | lrm: 0.12 | dt: 176.86ms | tok/sec: 741,100 | mfu: 32.84 | epoch: 1 | total time: 2.45m
step 00874 (94.20%) | loss: 0.869950 | lrm: 0.12 | dt: 163.14ms | tok/sec: 803,454 | mfu: 35.60 | epoch: 1 | total time: 2.45m
step 00875 (94.31%) | loss: 0.869506 | lrm: 0.11 | dt: 180.04ms | tok/sec: 728,006 | mfu: 32.26 | epoch: 1 | total time: 2.46m
step 00876 (94.42%) | loss: 0.874525 | lrm: 0.11 | dt: 160.06ms | tok/sec: 818,905 | mfu: 36.28 | epoch: 1 | total time: 2.46m
step 00877 (94.53%) | loss: 0.893877 | lrm: 0.11 | dt: 181.03ms | tok/sec: 724,025 | mfu: 32.08 | epoch: 1 | total time: 2.46m
step 00878 (94.65%) | loss: 0.912320 | lrm: 0.11 | dt: 160.78ms | tok/sec: 815,248 | mfu: 36.12 | epoch: 1 | total time: 2.47m
step 00879 (94.76%) | loss: 0.902584 | lrm: 0.10 | dt: 182.82ms | tok/sec: 716,960 | mfu: 31.77 | epoch: 1 | total time: 2.47m
step 00880 (94.87%) | loss: 0.874344 | lrm: 0.10 | dt: 161.84ms | tok/sec: 809,904 | mfu: 35.88 | epoch: 1 | total time: 2.47m
step 00881 (94.98%) | loss: 0.903871 | lrm: 0.10 | dt: 178.98ms | tok/sec: 732,335 | mfu: 32.45 | epoch: 1 | total time: 2.47m
step 00882 (95.08%) | loss: 0.904884 | lrm: 0.10 | dt: 165.03ms | tok/sec: 794,254 | mfu: 35.19 | epoch: 1 | total time: 2.48m
step 00883 (95.19%) | loss: 0.887616 | lrm: 0.10 | dt: 173.04ms | tok/sec: 757,458 | mfu: 33.56 | epoch: 1 | total time: 2.48m
step 00884 (95.29%) | loss: 0.889582 | lrm: 0.09 | dt: 168.26ms | tok/sec: 779,002 | mfu: 34.51 | epoch: 1 | total time: 2.48m
step 00885 (95.40%) | loss: 0.888393 | lrm: 0.09 | dt: 164.67ms | tok/sec: 795,985 | mfu: 35.27 | epoch: 1 | total time: 2.49m
step 00886 (95.51%) | loss: 0.875580 | lrm: 0.09 | dt: 173.46ms | tok/sec: 755,650 | mfu: 33.48 | epoch: 1 | total time: 2.49m
step 00887 (95.61%) | loss: 0.860865 | lrm: 0.09 | dt: 162.90ms | tok/sec: 804,609 | mfu: 35.65 | epoch: 1 | total time: 2.49m
step 00888 (95.72%) | loss: 0.841577 | lrm: 0.09 | dt: 179.49ms | tok/sec: 730,255 | mfu: 32.35 | epoch: 1 | total time: 2.49m
step 00889 (95.83%) | loss: 0.829765 | lrm: 0.08 | dt: 159.72ms | tok/sec: 820,621 | mfu: 36.36 | epoch: 1 | total time: 2.50m
step 00890 (95.94%) | loss: 0.813956 | lrm: 0.08 | dt: 182.36ms | tok/sec: 718,738 | mfu: 31.84 | epoch: 1 | total time: 2.50m
step 00891 (96.05%) | loss: 0.834068 | lrm: 0.08 | dt: 159.38ms | tok/sec: 822,363 | mfu: 36.44 | epoch: 1 | total time: 2.50m
step 00892 (96.15%) | loss: 0.859524 | lrm: 0.08 | dt: 181.87ms | tok/sec: 720,696 | mfu: 31.93 | epoch: 1 | total time: 2.51m
step 00893 (96.26%) | loss: 0.859519 | lrm: 0.07 | dt: 160.51ms | tok/sec: 816,587 | mfu: 36.18 | epoch: 1 | total time: 2.51m
step 00894 (96.37%) | loss: 0.855611 | lrm: 0.07 | dt: 178.05ms | tok/sec: 736,140 | mfu: 32.62 | epoch: 1 | total time: 2.51m
step 00895 (96.47%) | loss: 0.847515 | lrm: 0.07 | dt: 162.79ms | tok/sec: 805,140 | mfu: 35.67 | epoch: 1 | total time: 2.51m
step 00896 (96.58%) | loss: 0.826184 | lrm: 0.07 | dt: 174.19ms | tok/sec: 752,473 | mfu: 33.34 | epoch: 1 | total time: 2.52m
step 00897 (96.69%) | loss: 0.831370 | lrm: 0.07 | dt: 169.03ms | tok/sec: 775,434 | mfu: 34.36 | epoch: 1 | total time: 2.52m
step 00898 (96.79%) | loss: 0.822826 | lrm: 0.06 | dt: 167.04ms | tok/sec: 784,681 | mfu: 34.77 | epoch: 1 | total time: 2.52m
step 00899 (96.90%) | loss: 0.828449 | lrm: 0.06 | dt: 170.73ms | tok/sec: 767,729 | mfu: 34.02 | epoch: 1 | total time: 2.52m
step 00900 (97.01%) | loss: 0.849417 | lrm: 0.06 | dt: 166.51ms | tok/sec: 787,154 | mfu: 34.88 | epoch: 1 | total time: 2.53m
Step 00900 | Validation bpb: 0.9109
step 00901 (97.12%) | loss: 0.856801 | lrm: 0.06 | dt: 162.10ms | tok/sec: 808,605 | mfu: 35.83 | epoch: 1 | total time: 2.53m
step 00902 (97.23%) | loss: 0.875097 | lrm: 0.06 | dt: 180.05ms | tok/sec: 727,977 | mfu: 32.25 | epoch: 1 | total time: 2.53m
step 00903 (97.33%) | loss: 0.885269 | lrm: 0.05 | dt: 159.60ms | tok/sec: 821,245 | mfu: 36.39 | epoch: 1 | total time: 2.54m
step 00904 (97.44%) | loss: 0.885701 | lrm: 0.05 | dt: 179.56ms | tok/sec: 729,944 | mfu: 32.34 | epoch: 1 | total time: 2.54m
step 00905 (97.55%) | loss: 0.869144 | lrm: 0.05 | dt: 166.41ms | tok/sec: 787,648 | mfu: 34.90 | epoch: 1 | total time: 2.54m
step 00906 (97.66%) | loss: 0.863314 | lrm: 0.05 | dt: 174.06ms | tok/sec: 753,039 | mfu: 33.36 | epoch: 1 | total time: 2.54m
step 00907 (97.77%) | loss: 0.875673 | lrm: 0.04 | dt: 166.34ms | tok/sec: 787,962 | mfu: 34.91 | epoch: 1 | total time: 2.55m
step 00908 (97.88%) | loss: 0.858044 | lrm: 0.04 | dt: 170.01ms | tok/sec: 770,949 | mfu: 34.16 | epoch: 1 | total time: 2.55m
step 00909 (97.98%) | loss: 0.859037 | lrm: 0.04 | dt: 173.30ms | tok/sec: 756,339 | mfu: 33.51 | epoch: 1 | total time: 2.55m
step 00910 (98.09%) | loss: 0.849416 | lrm: 0.04 | dt: 163.22ms | tok/sec: 803,054 | mfu: 35.58 | epoch: 1 | total time: 2.56m
step 00911 (98.20%) | loss: 0.843752 | lrm: 0.04 | dt: 176.90ms | tok/sec: 740,922 | mfu: 32.83 | epoch: 1 | total time: 2.56m
step 00912 (98.31%) | loss: 0.840739 | lrm: 0.03 | dt: 161.51ms | tok/sec: 811,548 | mfu: 35.96 | epoch: 1 | total time: 2.56m
step 00913 (98.42%) | loss: 0.856824 | lrm: 0.03 | dt: 181.69ms | tok/sec: 721,393 | mfu: 31.96 | epoch: 1 | total time: 2.56m
step 00914 (98.53%) | loss: 0.849624 | lrm: 0.03 | dt: 159.11ms | tok/sec: 823,807 | mfu: 36.50 | epoch: 1 | total time: 2.57m
step 00915 (98.64%) | loss: 0.892708 | lrm: 0.03 | dt: 180.07ms | tok/sec: 727,895 | mfu: 32.25 | epoch: 1 | total time: 2.57m
step 00916 (98.74%) | loss: 0.866622 | lrm: 0.03 | dt: 159.95ms | tok/sec: 819,435 | mfu: 36.31 | epoch: 1 | total time: 2.57m
step 00917 (98.85%) | loss: 0.859573 | lrm: 0.02 | dt: 179.23ms | tok/sec: 731,298 | mfu: 32.40 | epoch: 1 | total time: 2.58m
step 00918 (98.95%) | loss: 0.833534 | lrm: 0.02 | dt: 165.38ms | tok/sec: 792,553 | mfu: 35.12 | epoch: 1 | total time: 2.58m
step 00919 (99.06%) | loss: 0.835631 | lrm: 0.02 | dt: 171.39ms | tok/sec: 764,774 | mfu: 33.88 | epoch: 1 | total time: 2.58m
step 00920 (99.17%) | loss: 0.830090 | lrm: 0.02 | dt: 169.14ms | tok/sec: 774,938 | mfu: 34.33 | epoch: 1 | total time: 2.58m
step 00921 (99.28%) | loss: 0.820886 | lrm: 0.01 | dt: 168.94ms | tok/sec: 775,864 | mfu: 34.38 | epoch: 1 | total time: 2.59m
step 00922 (99.38%) | loss: 0.816441 | lrm: 0.01 | dt: 174.26ms | tok/sec: 752,179 | mfu: 33.33 | epoch: 1 | total time: 2.59m
step 00923 (99.49%) | loss: 0.811360 | lrm: 0.01 | dt: 163.15ms | tok/sec: 803,380 | mfu: 35.59 | epoch: 1 | total time: 2.59m
step 00924 (99.60%) | loss: 0.806770 | lrm: 0.01 | dt: 177.42ms | tok/sec: 738,768 | mfu: 32.73 | epoch: 1 | total time: 2.60m
step 00925 (99.70%) | loss: 0.804404 | lrm: 0.01 | dt: 160.25ms | tok/sec: 817,913 | mfu: 36.24 | epoch: 1 | total time: 2.60m
step 00926 (99.82%) | loss: 0.806171 | lrm: 0.00 | dt: 181.09ms | tok/sec: 723,808 | mfu: 32.07 | epoch: 1 | total time: 2.60m
step 00927 (99.92%) | loss: 0.807354 | lrm: 0.00 | dt: 159.26ms | tok/sec: 823,021 | mfu: 36.47 | epoch: 1 | total time: 2.60m
step 00928 (100.03%) | loss: 0.777129 | lrm: -0.00 | dt: 182.68ms | tok/sec: 717,505 | mfu: 31.79 | epoch: 2 | total time: 2.61m
Step 00928 | Validation bpb: 0.9092
2026-09-15 22:34:24,313 - nanochat.checkpoint_manager - [32m[1mINFO[0m - Saved model parameters to: /local/s4414268/nanochat/results/task2_models/vocab_32768/chatsft_checkpoints/d2_bpb/model_000928.pt
2026-09-15 22:34:24,314 - nanochat.checkpoint_manager - [32m[1mINFO[0m - Saved metadata to: /local/s4414268/nanochat/results/task2_models/vocab_32768/chatsft_checkpoints/d2_bpb/meta_000928.json
2026-09-15 22:34:24,383 - nanochat.checkpoint_manager - [32m[1mINFO[0m - Saved optimizer state to: /local/s4414268/nanochat/results/task2_models/vocab_32768/chatsft_checkpoints/d2_bpb/optim_000928_rank0.pt
Peak memory usage: 1356.62MiB
Total training time: 2.61m
Minimum validation bpb: 0.9092
